dataset,series_id,origin_id,origin_date,forecast_date,actual,forecast,model
m5,FOODS_1_098_CA_3_evaluation,1,2016-03-01,2016-03-01,2.0,1.0,Naive
m5,FOODS_1_098_CA_3_evaluation,1,2016-03-01,2016-03-02,0.0,1.0,Naive
m5,FOODS_1_098_CA_3_evaluation,1,2016-03-01,2016-03-03,1.0,1.0,Naive
m5,FOODS_1_098_CA_3_evaluation,1,2016-03-01,2016-03-04,0.0,1.0,Naive
m5,FOODS_1_098_CA_3_evaluation,1,2016-03-01,2016-03-05,0.0,1.0,Naive
m5,FOODS_1_098_CA_3_evaluation,1,2016-03-01,2016-03-06,0.0,1.0,Naive
m5,FOODS_1_098_CA_3_evaluation,1,2016-03-01,2016-03-07,0.0,1.0,Naive
m5,FOODS_1_098_CA_3_evaluation,1,2016-03-01,2016-03-08,0.0,1.0,Naive
m5,FOODS_1_098_CA_3_evaluation,1,2016-03-01,2016-03-09,0.0,1.0,Naive
m5,FOODS_1_098_CA_3_evaluation,1,2016-03-01,2016-03-10,0.0,1.0,Naive
m5,FOODS_1_098_CA_3_evaluation,1,2016-03-01,2016-03-11,2.0,1.0,Naive
m5,FOODS_1_098_CA_3_evaluation,1,2016-03-01,2016-03-12,0.0,1.0,Naive
m5,FOODS_1_098_CA_3_evaluation,1,2016-03-01,2016-03-13,0.0,1.0,Naive
m5,FOODS_1_098_CA_3_evaluation,1,2016-03-01,2016-03-14,1.0,1.0,Naive
m5,FOODS_1_098_CA_3_evaluation,1,2016-03-01,2016-03-15,2.0,1.0,Naive
m5,FOODS_1_098_CA_3_evaluation,1,2016-03-01,2016-03-16,1.0,1.0,Naive
m5,FOODS_1_098_CA_3_evaluation,1,2016-03-01,2016-03-17,0.0,1.0,Naive
m5,FOODS_1_098_CA_3_evaluation,1,2016-03-01,2016-03-18,0.0,1.0,Naive
m5,FOODS_1_098_CA_3_evaluation,1,2016-03-01,2016-03-19,0.0,1.0,Naive
m5,FOODS_1_098_CA_3_evaluation,1,2016-03-01,2016-03-20,0.0,1.0,Naive
m5,FOODS_1_098_CA_3_evaluation,1,2016-03-01,2016-03-21,1.0,1.0,Naive
m5,FOODS_1_098_CA_3_evaluation,1,2016-03-01,2016-03-22,0.0,1.0,Naive
m5,FOODS_1_098_CA_3_evaluation,1,2016-03-01,2016-03-23,0.0,1.0,Naive
m5,FOODS_1_098_CA_3_evaluation,1,2016-03-01,2016-03-24,0.0,1.0,Naive
m5,FOODS_1_098_CA_3_evaluation,1,2016-03-01,2016-03-25,0.0,1.0,Naive
m5,FOODS_1_098_CA_3_evaluation,1,2016-03-01,2016-03-26,0.0,1.0,Naive
m5,FOODS_1_098_CA_3_evaluation,1,2016-03-01,2016-03-27,0.0,1.0,Naive
m5,FOODS_1_098_CA_3_evaluation,1,2016-03-01,2016-03-28,0.0,1.0,Naive
m5,FOODS_1_133_TX_3_evaluation,1,2016-03-01,2016-03-01,0.0,0.0,Naive
m5,FOODS_1_133_TX_3_evaluation,1,2016-03-01,2016-03-02,0.0,0.0,Naive
m5,FOODS_1_133_TX_3_evaluation,1,2016-03-01,2016-03-03,3.0,0.0,Naive
m5,FOODS_1_133_TX_3_evaluation,1,2016-03-01,2016-03-04,1.0,0.0,Naive
m5,FOODS_1_133_TX_3_evaluation,1,2016-03-01,2016-03-05,0.0,0.0,Naive
m5,FOODS_1_133_TX_3_evaluation,1,2016-03-01,2016-03-06,0.0,0.0,Naive
m5,FOODS_1_133_TX_3_evaluation,1,2016-03-01,2016-03-07,1.0,0.0,Naive
m5,FOODS_1_133_TX_3_evaluation,1,2016-03-01,2016-03-08,1.0,0.0,Naive
m5,FOODS_1_133_TX_3_evaluation,1,2016-03-01,2016-03-09,0.0,0.0,Naive
m5,FOODS_1_133_TX_3_evaluation,1,2016-03-01,2016-03-10,0.0,0.0,Naive
m5,FOODS_1_133_TX_3_evaluation,1,2016-03-01,2016-03-11,0.0,0.0,Naive
m5,FOODS_1_133_TX_3_evaluation,1,2016-03-01,2016-03-12,0.0,0.0,Naive
m5,FOODS_1_133_TX_3_evaluation,1,2016-03-01,2016-03-13,0.0,0.0,Naive
m5,FOODS_1_133_TX_3_evaluation,1,2016-03-01,2016-03-14,0.0,0.0,Naive
m5,FOODS_1_133_TX_3_evaluation,1,2016-03-01,2016-03-15,0.0,0.0,Naive
m5,FOODS_1_133_TX_3_evaluation,1,2016-03-01,2016-03-16,0.0,0.0,Naive
m5,FOODS_1_133_TX_3_evaluation,1,2016-03-01,2016-03-17,0.0,0.0,Naive
m5,FOODS_1_133_TX_3_evaluation,1,2016-03-01,2016-03-18,0.0,0.0,Naive
m5,FOODS_1_133_TX_3_evaluation,1,2016-03-01,2016-03-19,0.0,0.0,Naive
m5,FOODS_1_133_TX_3_evaluation,1,2016-03-01,2016-03-20,0.0,0.0,Naive
m5,FOODS_1_133_TX_3_evaluation,1,2016-03-01,2016-03-21,0.0,0.0,Naive
m5,FOODS_1_133_TX_3_evaluation,1,2016-03-01,2016-03-22,0.0,0.0,Naive
m5,FOODS_1_133_TX_3_evaluation,1,2016-03-01,2016-03-23,0.0,0.0,Naive
m5,FOODS_1_133_TX_3_evaluation,1,2016-03-01,2016-03-24,0.0,0.0,Naive
m5,FOODS_1_133_TX_3_evaluation,1,2016-03-01,2016-03-25,0.0,0.0,Naive
m5,FOODS_1_133_TX_3_evaluation,1,2016-03-01,2016-03-26,0.0,0.0,Naive
m5,FOODS_1_133_TX_3_evaluation,1,2016-03-01,2016-03-27,0.0,0.0,Naive
m5,FOODS_1_133_TX_3_evaluation,1,2016-03-01,2016-03-28,0.0,0.0,Naive
m5,FOODS_1_098_CA_3_evaluation,1,2016-03-01,2016-03-01,2.0,1.0,Seasonal Naive
m5,FOODS_1_098_CA_3_evaluation,1,2016-03-01,2016-03-02,0.0,0.0,Seasonal Naive
m5,FOODS_1_098_CA_3_evaluation,1,2016-03-01,2016-03-03,1.0,2.0,Seasonal Naive
m5,FOODS_1_098_CA_3_evaluation,1,2016-03-01,2016-03-04,0.0,0.0,Seasonal Naive
m5,FOODS_1_098_CA_3_evaluation,1,2016-03-01,2016-03-05,0.0,0.0,Seasonal Naive
m5,FOODS_1_098_CA_3_evaluation,1,2016-03-01,2016-03-06,0.0,0.0,Seasonal Naive
m5,FOODS_1_098_CA_3_evaluation,1,2016-03-01,2016-03-07,0.0,1.0,Seasonal Naive
m5,FOODS_1_098_CA_3_evaluation,1,2016-03-01,2016-03-08,0.0,1.0,Seasonal Naive
m5,FOODS_1_098_CA_3_evaluation,1,2016-03-01,2016-03-09,0.0,0.0,Seasonal Naive
m5,FOODS_1_098_CA_3_evaluation,1,2016-03-01,2016-03-10,0.0,2.0,Seasonal Naive
m5,FOODS_1_098_CA_3_evaluation,1,2016-03-01,2016-03-11,2.0,0.0,Seasonal Naive
m5,FOODS_1_098_CA_3_evaluation,1,2016-03-01,2016-03-12,0.0,0.0,Seasonal Naive
m5,FOODS_1_098_CA_3_evaluation,1,2016-03-01,2016-03-13,0.0,0.0,Seasonal Naive
m5,FOODS_1_098_CA_3_evaluation,1,2016-03-01,2016-03-14,1.0,1.0,Seasonal Naive
m5,FOODS_1_098_CA_3_evaluation,1,2016-03-01,2016-03-15,2.0,1.0,Seasonal Naive
m5,FOODS_1_098_CA_3_evaluation,1,2016-03-01,2016-03-16,1.0,0.0,Seasonal Naive
m5,FOODS_1_098_CA_3_evaluation,1,2016-03-01,2016-03-17,0.0,2.0,Seasonal Naive
m5,FOODS_1_098_CA_3_evaluation,1,2016-03-01,2016-03-18,0.0,0.0,Seasonal Naive
m5,FOODS_1_098_CA_3_evaluation,1,2016-03-01,2016-03-19,0.0,0.0,Seasonal Naive
m5,FOODS_1_098_CA_3_evaluation,1,2016-03-01,2016-03-20,0.0,0.0,Seasonal Naive
m5,FOODS_1_098_CA_3_evaluation,1,2016-03-01,2016-03-21,1.0,1.0,Seasonal Naive
m5,FOODS_1_098_CA_3_evaluation,1,2016-03-01,2016-03-22,0.0,1.0,Seasonal Naive
m5,FOODS_1_098_CA_3_evaluation,1,2016-03-01,2016-03-23,0.0,0.0,Seasonal Naive
m5,FOODS_1_098_CA_3_evaluation,1,2016-03-01,2016-03-24,0.0,2.0,Seasonal Naive
m5,FOODS_1_098_CA_3_evaluation,1,2016-03-01,2016-03-25,0.0,0.0,Seasonal Naive
m5,FOODS_1_098_CA_3_evaluation,1,2016-03-01,2016-03-26,0.0,0.0,Seasonal Naive
m5,FOODS_1_098_CA_3_evaluation,1,2016-03-01,2016-03-27,0.0,0.0,Seasonal Naive
m5,FOODS_1_098_CA_3_evaluation,1,2016-03-01,2016-03-28,0.0,1.0,Seasonal Naive
m5,FOODS_1_133_TX_3_evaluation,1,2016-03-01,2016-03-01,0.0,0.0,Seasonal Naive
m5,FOODS_1_133_TX_3_evaluation,1,2016-03-01,2016-03-02,0.0,0.0,Seasonal Naive
m5,FOODS_1_133_TX_3_evaluation,1,2016-03-01,2016-03-03,3.0,0.0,Seasonal Naive
m5,FOODS_1_133_TX_3_evaluation,1,2016-03-01,2016-03-04,1.0,0.0,Seasonal Naive
m5,FOODS_1_133_TX_3_evaluation,1,2016-03-01,2016-03-05,0.0,0.0,Seasonal Naive
m5,FOODS_1_133_TX_3_evaluation,1,2016-03-01,2016-03-06,0.0,0.0,Seasonal Naive
m5,FOODS_1_133_TX_3_evaluation,1,2016-03-01,2016-03-07,1.0,0.0,Seasonal Naive
m5,FOODS_1_133_TX_3_evaluation,1,2016-03-01,2016-03-08,1.0,0.0,Seasonal Naive
m5,FOODS_1_133_TX_3_evaluation,1,2016-03-01,2016-03-09,0.0,0.0,Seasonal Naive
m5,FOODS_1_133_TX_3_evaluation,1,2016-03-01,2016-03-10,0.0,0.0,Seasonal Naive
m5,FOODS_1_133_TX_3_evaluation,1,2016-03-01,2016-03-11,0.0,0.0,Seasonal Naive
m5,FOODS_1_133_TX_3_evaluation,1,2016-03-01,2016-03-12,0.0,0.0,Seasonal Naive
m5,FOODS_1_133_TX_3_evaluation,1,2016-03-01,2016-03-13,0.0,0.0,Seasonal Naive
m5,FOODS_1_133_TX_3_evaluation,1,2016-03-01,2016-03-14,0.0,0.0,Seasonal Naive
m5,FOODS_1_133_TX_3_evaluation,1,2016-03-01,2016-03-15,0.0,0.0,Seasonal Naive
m5,FOODS_1_133_TX_3_evaluation,1,2016-03-01,2016-03-16,0.0,0.0,Seasonal Naive
m5,FOODS_1_133_TX_3_evaluation,1,2016-03-01,2016-03-17,0.0,0.0,Seasonal Naive
m5,FOODS_1_133_TX_3_evaluation,1,2016-03-01,2016-03-18,0.0,0.0,Seasonal Naive
m5,FOODS_1_133_TX_3_evaluation,1,2016-03-01,2016-03-19,0.0,0.0,Seasonal Naive
m5,FOODS_1_133_TX_3_evaluation,1,2016-03-01,2016-03-20,0.0,0.0,Seasonal Naive
m5,FOODS_1_133_TX_3_evaluation,1,2016-03-01,2016-03-21,0.0,0.0,Seasonal Naive
m5,FOODS_1_133_TX_3_evaluation,1,2016-03-01,2016-03-22,0.0,0.0,Seasonal Naive
m5,FOODS_1_133_TX_3_evaluation,1,2016-03-01,2016-03-23,0.0,0.0,Seasonal Naive
m5,FOODS_1_133_TX_3_evaluation,1,2016-03-01,2016-03-24,0.0,0.0,Seasonal Naive
m5,FOODS_1_133_TX_3_evaluation,1,2016-03-01,2016-03-25,0.0,0.0,Seasonal Naive
m5,FOODS_1_133_TX_3_evaluation,1,2016-03-01,2016-03-26,0.0,0.0,Seasonal Naive
m5,FOODS_1_133_TX_3_evaluation,1,2016-03-01,2016-03-27,0.0,0.0,Seasonal Naive
m5,FOODS_1_133_TX_3_evaluation,1,2016-03-01,2016-03-28,0.0,0.0,Seasonal Naive
m5,FOODS_1_098_CA_3_evaluation,1,2016-03-01,2016-03-01,2.0,0.5714285714285714,Moving Average
m5,FOODS_1_098_CA_3_evaluation,1,2016-03-01,2016-03-02,0.0,0.5714285714285714,Moving Average
m5,FOODS_1_098_CA_3_evaluation,1,2016-03-01,2016-03-03,1.0,0.5714285714285714,Moving Average
m5,FOODS_1_098_CA_3_evaluation,1,2016-03-01,2016-03-04,0.0,0.5714285714285714,Moving Average
m5,FOODS_1_098_CA_3_evaluation,1,2016-03-01,2016-03-05,0.0,0.5714285714285714,Moving Average
m5,FOODS_1_098_CA_3_evaluation,1,2016-03-01,2016-03-06,0.0,0.5714285714285714,Moving Average
m5,FOODS_1_098_CA_3_evaluation,1,2016-03-01,2016-03-07,0.0,0.5714285714285714,Moving Average
m5,FOODS_1_098_CA_3_evaluation,1,2016-03-01,2016-03-08,0.0,0.5714285714285714,Moving Average
m5,FOODS_1_098_CA_3_evaluation,1,2016-03-01,2016-03-09,0.0,0.5714285714285714,Moving Average
m5,FOODS_1_098_CA_3_evaluation,1,2016-03-01,2016-03-10,0.0,0.5714285714285714,Moving Average
m5,FOODS_1_098_CA_3_evaluation,1,2016-03-01,2016-03-11,2.0,0.5714285714285714,Moving Average
m5,FOODS_1_098_CA_3_evaluation,1,2016-03-01,2016-03-12,0.0,0.5714285714285714,Moving Average
m5,FOODS_1_098_CA_3_evaluation,1,2016-03-01,2016-03-13,0.0,0.5714285714285714,Moving Average
m5,FOODS_1_098_CA_3_evaluation,1,2016-03-01,2016-03-14,1.0,0.5714285714285714,Moving Average
m5,FOODS_1_098_CA_3_evaluation,1,2016-03-01,2016-03-15,2.0,0.5714285714285714,Moving Average
m5,FOODS_1_098_CA_3_evaluation,1,2016-03-01,2016-03-16,1.0,0.5714285714285714,Moving Average
m5,FOODS_1_098_CA_3_evaluation,1,2016-03-01,2016-03-17,0.0,0.5714285714285714,Moving Average
m5,FOODS_1_098_CA_3_evaluation,1,2016-03-01,2016-03-18,0.0,0.5714285714285714,Moving Average
m5,FOODS_1_098_CA_3_evaluation,1,2016-03-01,2016-03-19,0.0,0.5714285714285714,Moving Average
m5,FOODS_1_098_CA_3_evaluation,1,2016-03-01,2016-03-20,0.0,0.5714285714285714,Moving Average
m5,FOODS_1_098_CA_3_evaluation,1,2016-03-01,2016-03-21,1.0,0.5714285714285714,Moving Average
m5,FOODS_1_098_CA_3_evaluation,1,2016-03-01,2016-03-22,0.0,0.5714285714285714,Moving Average
m5,FOODS_1_098_CA_3_evaluation,1,2016-03-01,2016-03-23,0.0,0.5714285714285714,Moving Average
m5,FOODS_1_098_CA_3_evaluation,1,2016-03-01,2016-03-24,0.0,0.5714285714285714,Moving Average
m5,FOODS_1_098_CA_3_evaluation,1,2016-03-01,2016-03-25,0.0,0.5714285714285714,Moving Average
m5,FOODS_1_098_CA_3_evaluation,1,2016-03-01,2016-03-26,0.0,0.5714285714285714,Moving Average
m5,FOODS_1_098_CA_3_evaluation,1,2016-03-01,2016-03-27,0.0,0.5714285714285714,Moving Average
m5,FOODS_1_098_CA_3_evaluation,1,2016-03-01,2016-03-28,0.0,0.5714285714285714,Moving Average
m5,FOODS_1_133_TX_3_evaluation,1,2016-03-01,2016-03-01,0.0,0.0,Moving Average
m5,FOODS_1_133_TX_3_evaluation,1,2016-03-01,2016-03-02,0.0,0.0,Moving Average
m5,FOODS_1_133_TX_3_evaluation,1,2016-03-01,2016-03-03,3.0,0.0,Moving Average
m5,FOODS_1_133_TX_3_evaluation,1,2016-03-01,2016-03-04,1.0,0.0,Moving Average
m5,FOODS_1_133_TX_3_evaluation,1,2016-03-01,2016-03-05,0.0,0.0,Moving Average
m5,FOODS_1_133_TX_3_evaluation,1,2016-03-01,2016-03-06,0.0,0.0,Moving Average
m5,FOODS_1_133_TX_3_evaluation,1,2016-03-01,2016-03-07,1.0,0.0,Moving Average
m5,FOODS_1_133_TX_3_evaluation,1,2016-03-01,2016-03-08,1.0,0.0,Moving Average
m5,FOODS_1_133_TX_3_evaluation,1,2016-03-01,2016-03-09,0.0,0.0,Moving Average
m5,FOODS_1_133_TX_3_evaluation,1,2016-03-01,2016-03-10,0.0,0.0,Moving Average
m5,FOODS_1_133_TX_3_evaluation,1,2016-03-01,2016-03-11,0.0,0.0,Moving Average
m5,FOODS_1_133_TX_3_evaluation,1,2016-03-01,2016-03-12,0.0,0.0,Moving Average
m5,FOODS_1_133_TX_3_evaluation,1,2016-03-01,2016-03-13,0.0,0.0,Moving Average
m5,FOODS_1_133_TX_3_evaluation,1,2016-03-01,2016-03-14,0.0,0.0,Moving Average
m5,FOODS_1_133_TX_3_evaluation,1,2016-03-01,2016-03-15,0.0,0.0,Moving Average
m5,FOODS_1_133_TX_3_evaluation,1,2016-03-01,2016-03-16,0.0,0.0,Moving Average
m5,FOODS_1_133_TX_3_evaluation,1,2016-03-01,2016-03-17,0.0,0.0,Moving Average
m5,FOODS_1_133_TX_3_evaluation,1,2016-03-01,2016-03-18,0.0,0.0,Moving Average
m5,FOODS_1_133_TX_3_evaluation,1,2016-03-01,2016-03-19,0.0,0.0,Moving Average
m5,FOODS_1_133_TX_3_evaluation,1,2016-03-01,2016-03-20,0.0,0.0,Moving Average
m5,FOODS_1_133_TX_3_evaluation,1,2016-03-01,2016-03-21,0.0,0.0,Moving Average
m5,FOODS_1_133_TX_3_evaluation,1,2016-03-01,2016-03-22,0.0,0.0,Moving Average
m5,FOODS_1_133_TX_3_evaluation,1,2016-03-01,2016-03-23,0.0,0.0,Moving Average
m5,FOODS_1_133_TX_3_evaluation,1,2016-03-01,2016-03-24,0.0,0.0,Moving Average
m5,FOODS_1_133_TX_3_evaluation,1,2016-03-01,2016-03-25,0.0,0.0,Moving Average
m5,FOODS_1_133_TX_3_evaluation,1,2016-03-01,2016-03-26,0.0,0.0,Moving Average
m5,FOODS_1_133_TX_3_evaluation,1,2016-03-01,2016-03-27,0.0,0.0,Moving Average
m5,FOODS_1_133_TX_3_evaluation,1,2016-03-01,2016-03-28,0.0,0.0,Moving Average
store_item_demand,S01_I01,1,2016-03-01,2016-03-01,16.0,14.0,Naive
store_item_demand,S01_I01,1,2016-03-01,2016-03-02,17.0,14.0,Naive
store_item_demand,S01_I01,1,2016-03-01,2016-03-03,20.0,14.0,Naive
store_item_demand,S01_I01,1,2016-03-01,2016-03-04,17.0,14.0,Naive
store_item_demand,S01_I01,1,2016-03-01,2016-03-05,17.0,14.0,Naive
store_item_demand,S01_I01,1,2016-03-01,2016-03-06,22.0,14.0,Naive
store_item_demand,S01_I01,1,2016-03-01,2016-03-07,17.0,14.0,Naive
store_item_demand,S01_I01,1,2016-03-01,2016-03-08,9.0,14.0,Naive
store_item_demand,S01_I01,1,2016-03-01,2016-03-09,18.0,14.0,Naive
store_item_demand,S01_I01,1,2016-03-01,2016-03-10,15.0,14.0,Naive
store_item_demand,S01_I01,1,2016-03-01,2016-03-11,22.0,14.0,Naive
store_item_demand,S01_I01,1,2016-03-01,2016-03-12,17.0,14.0,Naive
store_item_demand,S01_I01,1,2016-03-01,2016-03-13,23.0,14.0,Naive
store_item_demand,S01_I01,1,2016-03-01,2016-03-14,13.0,14.0,Naive
store_item_demand,S01_I01,1,2016-03-01,2016-03-15,11.0,14.0,Naive
store_item_demand,S01_I01,1,2016-03-01,2016-03-16,23.0,14.0,Naive
store_item_demand,S01_I01,1,2016-03-01,2016-03-17,19.0,14.0,Naive
store_item_demand,S01_I01,1,2016-03-01,2016-03-18,21.0,14.0,Naive
store_item_demand,S01_I01,1,2016-03-01,2016-03-19,25.0,14.0,Naive
store_item_demand,S01_I01,1,2016-03-01,2016-03-20,25.0,14.0,Naive
store_item_demand,S01_I01,1,2016-03-01,2016-03-21,22.0,14.0,Naive
store_item_demand,S01_I01,1,2016-03-01,2016-03-22,17.0,14.0,Naive
store_item_demand,S01_I01,1,2016-03-01,2016-03-23,19.0,14.0,Naive
store_item_demand,S01_I01,1,2016-03-01,2016-03-24,18.0,14.0,Naive
store_item_demand,S01_I01,1,2016-03-01,2016-03-25,27.0,14.0,Naive
store_item_demand,S01_I01,1,2016-03-01,2016-03-26,22.0,14.0,Naive
store_item_demand,S01_I01,1,2016-03-01,2016-03-27,28.0,14.0,Naive
store_item_demand,S01_I01,1,2016-03-01,2016-03-28,16.0,14.0,Naive
store_item_demand,S01_I02,1,2016-03-01,2016-03-01,57.0,35.0,Naive
store_item_demand,S01_I02,1,2016-03-01,2016-03-02,45.0,35.0,Naive
store_item_demand,S01_I02,1,2016-03-01,2016-03-03,58.0,35.0,Naive
store_item_demand,S01_I02,1,2016-03-01,2016-03-04,61.0,35.0,Naive
store_item_demand,S01_I02,1,2016-03-01,2016-03-05,71.0,35.0,Naive
store_item_demand,S01_I02,1,2016-03-01,2016-03-06,66.0,35.0,Naive
store_item_demand,S01_I02,1,2016-03-01,2016-03-07,44.0,35.0,Naive
store_item_demand,S01_I02,1,2016-03-01,2016-03-08,35.0,35.0,Naive
store_item_demand,S01_I02,1,2016-03-01,2016-03-09,54.0,35.0,Naive
store_item_demand,S01_I02,1,2016-03-01,2016-03-10,42.0,35.0,Naive
store_item_demand,S01_I02,1,2016-03-01,2016-03-11,44.0,35.0,Naive
store_item_demand,S01_I02,1,2016-03-01,2016-03-12,61.0,35.0,Naive
store_item_demand,S01_I02,1,2016-03-01,2016-03-13,59.0,35.0,Naive
store_item_demand,S01_I02,1,2016-03-01,2016-03-14,43.0,35.0,Naive
store_item_demand,S01_I02,1,2016-03-01,2016-03-15,44.0,35.0,Naive
store_item_demand,S01_I02,1,2016-03-01,2016-03-16,46.0,35.0,Naive
store_item_demand,S01_I02,1,2016-03-01,2016-03-17,54.0,35.0,Naive
store_item_demand,S01_I02,1,2016-03-01,2016-03-18,62.0,35.0,Naive
store_item_demand,S01_I02,1,2016-03-01,2016-03-19,53.0,35.0,Naive
store_item_demand,S01_I02,1,2016-03-01,2016-03-20,63.0,35.0,Naive
store_item_demand,S01_I02,1,2016-03-01,2016-03-21,39.0,35.0,Naive
store_item_demand,S01_I02,1,2016-03-01,2016-03-22,52.0,35.0,Naive
store_item_demand,S01_I02,1,2016-03-01,2016-03-23,49.0,35.0,Naive
store_item_demand,S01_I02,1,2016-03-01,2016-03-24,54.0,35.0,Naive
store_item_demand,S01_I02,1,2016-03-01,2016-03-25,61.0,35.0,Naive
store_item_demand,S01_I02,1,2016-03-01,2016-03-26,53.0,35.0,Naive
store_item_demand,S01_I02,1,2016-03-01,2016-03-27,66.0,35.0,Naive
store_item_demand,S01_I02,1,2016-03-01,2016-03-28,39.0,35.0,Naive
store_item_demand,S01_I01,1,2016-03-01,2016-03-01,16.0,16.0,Seasonal Naive
store_item_demand,S01_I01,1,2016-03-01,2016-03-02,17.0,10.0,Seasonal Naive
store_item_demand,S01_I01,1,2016-03-01,2016-03-03,20.0,12.0,Seasonal Naive
store_item_demand,S01_I01,1,2016-03-01,2016-03-04,17.0,9.0,Seasonal Naive
store_item_demand,S01_I01,1,2016-03-01,2016-03-05,17.0,21.0,Seasonal Naive
store_item_demand,S01_I01,1,2016-03-01,2016-03-06,22.0,12.0,Seasonal Naive
store_item_demand,S01_I01,1,2016-03-01,2016-03-07,17.0,14.0,Seasonal Naive
store_item_demand,S01_I01,1,2016-03-01,2016-03-08,9.0,16.0,Seasonal Naive
store_item_demand,S01_I01,1,2016-03-01,2016-03-09,18.0,10.0,Seasonal Naive
store_item_demand,S01_I01,1,2016-03-01,2016-03-10,15.0,12.0,Seasonal Naive
store_item_demand,S01_I01,1,2016-03-01,2016-03-11,22.0,9.0,Seasonal Naive
store_item_demand,S01_I01,1,2016-03-01,2016-03-12,17.0,21.0,Seasonal Naive
store_item_demand,S01_I01,1,2016-03-01,2016-03-13,23.0,12.0,Seasonal Naive
store_item_demand,S01_I01,1,2016-03-01,2016-03-14,13.0,14.0,Seasonal Naive
store_item_demand,S01_I01,1,2016-03-01,2016-03-15,11.0,16.0,Seasonal Naive
store_item_demand,S01_I01,1,2016-03-01,2016-03-16,23.0,10.0,Seasonal Naive
store_item_demand,S01_I01,1,2016-03-01,2016-03-17,19.0,12.0,Seasonal Naive
store_item_demand,S01_I01,1,2016-03-01,2016-03-18,21.0,9.0,Seasonal Naive
store_item_demand,S01_I01,1,2016-03-01,2016-03-19,25.0,21.0,Seasonal Naive
store_item_demand,S01_I01,1,2016-03-01,2016-03-20,25.0,12.0,Seasonal Naive
store_item_demand,S01_I01,1,2016-03-01,2016-03-21,22.0,14.0,Seasonal Naive
store_item_demand,S01_I01,1,2016-03-01,2016-03-22,17.0,16.0,Seasonal Naive
store_item_demand,S01_I01,1,2016-03-01,2016-03-23,19.0,10.0,Seasonal Naive
store_item_demand,S01_I01,1,2016-03-01,2016-03-24,18.0,12.0,Seasonal Naive
store_item_demand,S01_I01,1,2016-03-01,2016-03-25,27.0,9.0,Seasonal Naive
store_item_demand,S01_I01,1,2016-03-01,2016-03-26,22.0,21.0,Seasonal Naive
store_item_demand,S01_I01,1,2016-03-01,2016-03-27,28.0,12.0,Seasonal Naive
store_item_demand,S01_I01,1,2016-03-01,2016-03-28,16.0,14.0,Seasonal Naive
store_item_demand,S01_I02,1,2016-03-01,2016-03-01,57.0,44.0,Seasonal Naive
store_item_demand,S01_I02,1,2016-03-01,2016-03-02,45.0,28.0,Seasonal Naive
store_item_demand,S01_I02,1,2016-03-01,2016-03-03,58.0,48.0,Seasonal Naive
store_item_demand,S01_I02,1,2016-03-01,2016-03-04,61.0,41.0,Seasonal Naive
store_item_demand,S01_I02,1,2016-03-01,2016-03-05,71.0,43.0,Seasonal Naive
store_item_demand,S01_I02,1,2016-03-01,2016-03-06,66.0,41.0,Seasonal Naive
store_item_demand,S01_I02,1,2016-03-01,2016-03-07,44.0,35.0,Seasonal Naive
store_item_demand,S01_I02,1,2016-03-01,2016-03-08,35.0,44.0,Seasonal Naive
store_item_demand,S01_I02,1,2016-03-01,2016-03-09,54.0,28.0,Seasonal Naive
store_item_demand,S01_I02,1,2016-03-01,2016-03-10,42.0,48.0,Seasonal Naive
store_item_demand,S01_I02,1,2016-03-01,2016-03-11,44.0,41.0,Seasonal Naive
store_item_demand,S01_I02,1,2016-03-01,2016-03-12,61.0,43.0,Seasonal Naive
store_item_demand,S01_I02,1,2016-03-01,2016-03-13,59.0,41.0,Seasonal Naive
store_item_demand,S01_I02,1,2016-03-01,2016-03-14,43.0,35.0,Seasonal Naive
store_item_demand,S01_I02,1,2016-03-01,2016-03-15,44.0,44.0,Seasonal Naive
store_item_demand,S01_I02,1,2016-03-01,2016-03-16,46.0,28.0,Seasonal Naive
store_item_demand,S01_I02,1,2016-03-01,2016-03-17,54.0,48.0,Seasonal Naive
store_item_demand,S01_I02,1,2016-03-01,2016-03-18,62.0,41.0,Seasonal Naive
store_item_demand,S01_I02,1,2016-03-01,2016-03-19,53.0,43.0,Seasonal Naive
store_item_demand,S01_I02,1,2016-03-01,2016-03-20,63.0,41.0,Seasonal Naive
store_item_demand,S01_I02,1,2016-03-01,2016-03-21,39.0,35.0,Seasonal Naive
store_item_demand,S01_I02,1,2016-03-01,2016-03-22,52.0,44.0,Seasonal Naive
store_item_demand,S01_I02,1,2016-03-01,2016-03-23,49.0,28.0,Seasonal Naive
store_item_demand,S01_I02,1,2016-03-01,2016-03-24,54.0,48.0,Seasonal Naive
store_item_demand,S01_I02,1,2016-03-01,2016-03-25,61.0,41.0,Seasonal Naive
store_item_demand,S01_I02,1,2016-03-01,2016-03-26,53.0,43.0,Seasonal Naive
store_item_demand,S01_I02,1,2016-03-01,2016-03-27,66.0,41.0,Seasonal Naive
store_item_demand,S01_I02,1,2016-03-01,2016-03-28,39.0,35.0,Seasonal Naive
store_item_demand,S01_I01,1,2016-03-01,2016-03-01,16.0,13.428571428571429,Moving Average
store_item_demand,S01_I01,1,2016-03-01,2016-03-02,17.0,13.428571428571429,Moving Average
store_item_demand,S01_I01,1,2016-03-01,2016-03-03,20.0,13.428571428571429,Moving Average
store_item_demand,S01_I01,1,2016-03-01,2016-03-04,17.0,13.428571428571429,Moving Average
store_item_demand,S01_I01,1,2016-03-01,2016-03-05,17.0,13.428571428571429,Moving Average
store_item_demand,S01_I01,1,2016-03-01,2016-03-06,22.0,13.428571428571429,Moving Average
store_item_demand,S01_I01,1,2016-03-01,2016-03-07,17.0,13.428571428571429,Moving Average
store_item_demand,S01_I01,1,2016-03-01,2016-03-08,9.0,13.428571428571429,Moving Average
store_item_demand,S01_I01,1,2016-03-01,2016-03-09,18.0,13.428571428571429,Moving Average
store_item_demand,S01_I01,1,2016-03-01,2016-03-10,15.0,13.428571428571429,Moving Average
store_item_demand,S01_I01,1,2016-03-01,2016-03-11,22.0,13.428571428571429,Moving Average
store_item_demand,S01_I01,1,2016-03-01,2016-03-12,17.0,13.428571428571429,Moving Average
store_item_demand,S01_I01,1,2016-03-01,2016-03-13,23.0,13.428571428571429,Moving Average
store_item_demand,S01_I01,1,2016-03-01,2016-03-14,13.0,13.428571428571429,Moving Average
store_item_demand,S01_I01,1,2016-03-01,2016-03-15,11.0,13.428571428571429,Moving Average
store_item_demand,S01_I01,1,2016-03-01,2016-03-16,23.0,13.428571428571429,Moving Average
store_item_demand,S01_I01,1,2016-03-01,2016-03-17,19.0,13.428571428571429,Moving Average
store_item_demand,S01_I01,1,2016-03-01,2016-03-18,21.0,13.428571428571429,Moving Average
store_item_demand,S01_I01,1,2016-03-01,2016-03-19,25.0,13.428571428571429,Moving Average
store_item_demand,S01_I01,1,2016-03-01,2016-03-20,25.0,13.428571428571429,Moving Average
store_item_demand,S01_I01,1,2016-03-01,2016-03-21,22.0,13.428571428571429,Moving Average
store_item_demand,S01_I01,1,2016-03-01,2016-03-22,17.0,13.428571428571429,Moving Average
store_item_demand,S01_I01,1,2016-03-01,2016-03-23,19.0,13.428571428571429,Moving Average
store_item_demand,S01_I01,1,2016-03-01,2016-03-24,18.0,13.428571428571429,Moving Average
store_item_demand,S01_I01,1,2016-03-01,2016-03-25,27.0,13.428571428571429,Moving Average
store_item_demand,S01_I01,1,2016-03-01,2016-03-26,22.0,13.428571428571429,Moving Average
store_item_demand,S01_I01,1,2016-03-01,2016-03-27,28.0,13.428571428571429,Moving Average
store_item_demand,S01_I01,1,2016-03-01,2016-03-28,16.0,13.428571428571429,Moving Average
store_item_demand,S01_I02,1,2016-03-01,2016-03-01,57.0,40.0,Moving Average
store_item_demand,S01_I02,1,2016-03-01,2016-03-02,45.0,40.0,Moving Average
store_item_demand,S01_I02,1,2016-03-01,2016-03-03,58.0,40.0,Moving Average
store_item_demand,S01_I02,1,2016-03-01,2016-03-04,61.0,40.0,Moving Average
store_item_demand,S01_I02,1,2016-03-01,2016-03-05,71.0,40.0,Moving Average
store_item_demand,S01_I02,1,2016-03-01,2016-03-06,66.0,40.0,Moving Average
store_item_demand,S01_I02,1,2016-03-01,2016-03-07,44.0,40.0,Moving Average
store_item_demand,S01_I02,1,2016-03-01,2016-03-08,35.0,40.0,Moving Average
store_item_demand,S01_I02,1,2016-03-01,2016-03-09,54.0,40.0,Moving Average
store_item_demand,S01_I02,1,2016-03-01,2016-03-10,42.0,40.0,Moving Average
store_item_demand,S01_I02,1,2016-03-01,2016-03-11,44.0,40.0,Moving Average
store_item_demand,S01_I02,1,2016-03-01,2016-03-12,61.0,40.0,Moving Average
store_item_demand,S01_I02,1,2016-03-01,2016-03-13,59.0,40.0,Moving Average
store_item_demand,S01_I02,1,2016-03-01,2016-03-14,43.0,40.0,Moving Average
store_item_demand,S01_I02,1,2016-03-01,2016-03-15,44.0,40.0,Moving Average
store_item_demand,S01_I02,1,2016-03-01,2016-03-16,46.0,40.0,Moving Average
store_item_demand,S01_I02,1,2016-03-01,2016-03-17,54.0,40.0,Moving Average
store_item_demand,S01_I02,1,2016-03-01,2016-03-18,62.0,40.0,Moving Average
store_item_demand,S01_I02,1,2016-03-01,2016-03-19,53.0,40.0,Moving Average
store_item_demand,S01_I02,1,2016-03-01,2016-03-20,63.0,40.0,Moving Average
store_item_demand,S01_I02,1,2016-03-01,2016-03-21,39.0,40.0,Moving Average
store_item_demand,S01_I02,1,2016-03-01,2016-03-22,52.0,40.0,Moving Average
store_item_demand,S01_I02,1,2016-03-01,2016-03-23,49.0,40.0,Moving Average
store_item_demand,S01_I02,1,2016-03-01,2016-03-24,54.0,40.0,Moving Average
store_item_demand,S01_I02,1,2016-03-01,2016-03-25,61.0,40.0,Moving Average
store_item_demand,S01_I02,1,2016-03-01,2016-03-26,53.0,40.0,Moving Average
store_item_demand,S01_I02,1,2016-03-01,2016-03-27,66.0,40.0,Moving Average
store_item_demand,S01_I02,1,2016-03-01,2016-03-28,39.0,40.0,Moving Average
m5,FOODS_1_098_CA_3_evaluation,1,2016-03-01,2016-03-01,2.0,0.4525644427910611,SES
m5,FOODS_1_098_CA_3_evaluation,1,2016-03-01,2016-03-02,0.0,0.4525644427910611,SES
m5,FOODS_1_098_CA_3_evaluation,1,2016-03-01,2016-03-03,1.0,0.4525644427910611,SES
m5,FOODS_1_098_CA_3_evaluation,1,2016-03-01,2016-03-04,0.0,0.4525644427910611,SES
m5,FOODS_1_098_CA_3_evaluation,1,2016-03-01,2016-03-05,0.0,0.4525644427910611,SES
m5,FOODS_1_098_CA_3_evaluation,1,2016-03-01,2016-03-06,0.0,0.4525644427910611,SES
m5,FOODS_1_098_CA_3_evaluation,1,2016-03-01,2016-03-07,0.0,0.4525644427910611,SES
m5,FOODS_1_098_CA_3_evaluation,1,2016-03-01,2016-03-08,0.0,0.4525644427910611,SES
m5,FOODS_1_098_CA_3_evaluation,1,2016-03-01,2016-03-09,0.0,0.4525644427910611,SES
m5,FOODS_1_098_CA_3_evaluation,1,2016-03-01,2016-03-10,0.0,0.4525644427910611,SES
m5,FOODS_1_098_CA_3_evaluation,1,2016-03-01,2016-03-11,2.0,0.4525644427910611,SES
m5,FOODS_1_098_CA_3_evaluation,1,2016-03-01,2016-03-12,0.0,0.4525644427910611,SES
m5,FOODS_1_098_CA_3_evaluation,1,2016-03-01,2016-03-13,0.0,0.4525644427910611,SES
m5,FOODS_1_098_CA_3_evaluation,1,2016-03-01,2016-03-14,1.0,0.4525644427910611,SES
m5,FOODS_1_098_CA_3_evaluation,1,2016-03-01,2016-03-15,2.0,0.4525644427910611,SES
m5,FOODS_1_098_CA_3_evaluation,1,2016-03-01,2016-03-16,1.0,0.4525644427910611,SES
m5,FOODS_1_098_CA_3_evaluation,1,2016-03-01,2016-03-17,0.0,0.4525644427910611,SES
m5,FOODS_1_098_CA_3_evaluation,1,2016-03-01,2016-03-18,0.0,0.4525644427910611,SES
m5,FOODS_1_098_CA_3_evaluation,1,2016-03-01,2016-03-19,0.0,0.4525644427910611,SES
m5,FOODS_1_098_CA_3_evaluation,1,2016-03-01,2016-03-20,0.0,0.4525644427910611,SES
m5,FOODS_1_098_CA_3_evaluation,1,2016-03-01,2016-03-21,1.0,0.4525644427910611,SES
m5,FOODS_1_098_CA_3_evaluation,1,2016-03-01,2016-03-22,0.0,0.4525644427910611,SES
m5,FOODS_1_098_CA_3_evaluation,1,2016-03-01,2016-03-23,0.0,0.4525644427910611,SES
m5,FOODS_1_098_CA_3_evaluation,1,2016-03-01,2016-03-24,0.0,0.4525644427910611,SES
m5,FOODS_1_098_CA_3_evaluation,1,2016-03-01,2016-03-25,0.0,0.4525644427910611,SES
m5,FOODS_1_098_CA_3_evaluation,1,2016-03-01,2016-03-26,0.0,0.4525644427910611,SES
m5,FOODS_1_098_CA_3_evaluation,1,2016-03-01,2016-03-27,0.0,0.4525644427910611,SES
m5,FOODS_1_098_CA_3_evaluation,1,2016-03-01,2016-03-28,0.0,0.4525644427910611,SES
m5,FOODS_1_133_TX_3_evaluation,1,2016-03-01,2016-03-01,0.0,0.008719413433679,SES
m5,FOODS_1_133_TX_3_evaluation,1,2016-03-01,2016-03-02,0.0,0.008719413433679,SES
m5,FOODS_1_133_TX_3_evaluation,1,2016-03-01,2016-03-03,3.0,0.008719413433679,SES
m5,FOODS_1_133_TX_3_evaluation,1,2016-03-01,2016-03-04,1.0,0.008719413433679,SES
m5,FOODS_1_133_TX_3_evaluation,1,2016-03-01,2016-03-05,0.0,0.008719413433679,SES
m5,FOODS_1_133_TX_3_evaluation,1,2016-03-01,2016-03-06,0.0,0.008719413433679,SES
m5,FOODS_1_133_TX_3_evaluation,1,2016-03-01,2016-03-07,1.0,0.008719413433679,SES
m5,FOODS_1_133_TX_3_evaluation,1,2016-03-01,2016-03-08,1.0,0.008719413433679,SES
m5,FOODS_1_133_TX_3_evaluation,1,2016-03-01,2016-03-09,0.0,0.008719413433679,SES
m5,FOODS_1_133_TX_3_evaluation,1,2016-03-01,2016-03-10,0.0,0.008719413433679,SES
m5,FOODS_1_133_TX_3_evaluation,1,2016-03-01,2016-03-11,0.0,0.008719413433679,SES
m5,FOODS_1_133_TX_3_evaluation,1,2016-03-01,2016-03-12,0.0,0.008719413433679,SES
m5,FOODS_1_133_TX_3_evaluation,1,2016-03-01,2016-03-13,0.0,0.008719413433679,SES
m5,FOODS_1_133_TX_3_evaluation,1,2016-03-01,2016-03-14,0.0,0.008719413433679,SES
m5,FOODS_1_133_TX_3_evaluation,1,2016-03-01,2016-03-15,0.0,0.008719413433679,SES
m5,FOODS_1_133_TX_3_evaluation,1,2016-03-01,2016-03-16,0.0,0.008719413433679,SES
m5,FOODS_1_133_TX_3_evaluation,1,2016-03-01,2016-03-17,0.0,0.008719413433679,SES
m5,FOODS_1_133_TX_3_evaluation,1,2016-03-01,2016-03-18,0.0,0.008719413433679,SES
m5,FOODS_1_133_TX_3_evaluation,1,2016-03-01,2016-03-19,0.0,0.008719413433679,SES
m5,FOODS_1_133_TX_3_evaluation,1,2016-03-01,2016-03-20,0.0,0.008719413433679,SES
m5,FOODS_1_133_TX_3_evaluation,1,2016-03-01,2016-03-21,0.0,0.008719413433679,SES
m5,FOODS_1_133_TX_3_evaluation,1,2016-03-01,2016-03-22,0.0,0.008719413433679,SES
m5,FOODS_1_133_TX_3_evaluation,1,2016-03-01,2016-03-23,0.0,0.008719413433679,SES
m5,FOODS_1_133_TX_3_evaluation,1,2016-03-01,2016-03-24,0.0,0.008719413433679,SES
m5,FOODS_1_133_TX_3_evaluation,1,2016-03-01,2016-03-25,0.0,0.008719413433679,SES
m5,FOODS_1_133_TX_3_evaluation,1,2016-03-01,2016-03-26,0.0,0.008719413433679,SES
m5,FOODS_1_133_TX_3_evaluation,1,2016-03-01,2016-03-27,0.0,0.008719413433679,SES
m5,FOODS_1_133_TX_3_evaluation,1,2016-03-01,2016-03-28,0.0,0.008719413433679,SES
m5,FOODS_1_098_CA_3_evaluation,1,2016-03-01,2016-03-01,2.0,0.559334191207237,DES
m5,FOODS_1_098_CA_3_evaluation,1,2016-03-01,2016-03-02,0.0,0.5669848398251612,DES
m5,FOODS_1_098_CA_3_evaluation,1,2016-03-01,2016-03-03,1.0,0.5746354884430853,DES
m5,FOODS_1_098_CA_3_evaluation,1,2016-03-01,2016-03-04,0.0,0.5822861370610095,DES
m5,FOODS_1_098_CA_3_evaluation,1,2016-03-01,2016-03-05,0.0,0.5899367856789336,DES
m5,FOODS_1_098_CA_3_evaluation,1,2016-03-01,2016-03-06,0.0,0.5975874342968578,DES
m5,FOODS_1_098_CA_3_evaluation,1,2016-03-01,2016-03-07,0.0,0.6052380829147819,DES
m5,FOODS_1_098_CA_3_evaluation,1,2016-03-01,2016-03-08,0.0,0.6128887315327061,DES
m5,FOODS_1_098_CA_3_evaluation,1,2016-03-01,2016-03-09,0.0,0.6205393801506301,DES
m5,FOODS_1_098_CA_3_evaluation,1,2016-03-01,2016-03-10,0.0,0.6281900287685543,DES
m5,FOODS_1_098_CA_3_evaluation,1,2016-03-01,2016-03-11,2.0,0.6358406773864784,DES
m5,FOODS_1_098_CA_3_evaluation,1,2016-03-01,2016-03-12,0.0,0.6434913260044026,DES
m5,FOODS_1_098_CA_3_evaluation,1,2016-03-01,2016-03-13,0.0,0.6511419746223267,DES
m5,FOODS_1_098_CA_3_evaluation,1,2016-03-01,2016-03-14,1.0,0.6587926232402508,DES
m5,FOODS_1_098_CA_3_evaluation,1,2016-03-01,2016-03-15,2.0,0.666443271858175,DES
m5,FOODS_1_098_CA_3_evaluation,1,2016-03-01,2016-03-16,1.0,0.6740939204760992,DES
m5,FOODS_1_098_CA_3_evaluation,1,2016-03-01,2016-03-17,0.0,0.6817445690940233,DES
m5,FOODS_1_098_CA_3_evaluation,1,2016-03-01,2016-03-18,0.0,0.6893952177119473,DES
m5,FOODS_1_098_CA_3_evaluation,1,2016-03-01,2016-03-19,0.0,0.6970458663298715,DES
m5,FOODS_1_098_CA_3_evaluation,1,2016-03-01,2016-03-20,0.0,0.7046965149477957,DES
m5,FOODS_1_098_CA_3_evaluation,1,2016-03-01,2016-03-21,1.0,0.7123471635657198,DES
m5,FOODS_1_098_CA_3_evaluation,1,2016-03-01,2016-03-22,0.0,0.7199978121836439,DES
m5,FOODS_1_098_CA_3_evaluation,1,2016-03-01,2016-03-23,0.0,0.7276484608015681,DES
m5,FOODS_1_098_CA_3_evaluation,1,2016-03-01,2016-03-24,0.0,0.7352991094194922,DES
m5,FOODS_1_098_CA_3_evaluation,1,2016-03-01,2016-03-25,0.0,0.7429497580374164,DES
m5,FOODS_1_098_CA_3_evaluation,1,2016-03-01,2016-03-26,0.0,0.7506004066553404,DES
m5,FOODS_1_098_CA_3_evaluation,1,2016-03-01,2016-03-27,0.0,0.7582510552732646,DES
m5,FOODS_1_098_CA_3_evaluation,1,2016-03-01,2016-03-28,0.0,0.7659017038911887,DES
m5,FOODS_1_133_TX_3_evaluation,1,2016-03-01,2016-03-01,0.0,0.0,DES
m5,FOODS_1_133_TX_3_evaluation,1,2016-03-01,2016-03-02,0.0,0.0,DES
m5,FOODS_1_133_TX_3_evaluation,1,2016-03-01,2016-03-03,3.0,0.0,DES
m5,FOODS_1_133_TX_3_evaluation,1,2016-03-01,2016-03-04,1.0,0.0001984272246211,DES
m5,FOODS_1_133_TX_3_evaluation,1,2016-03-01,2016-03-05,0.0,0.0016015371870836,DES
m5,FOODS_1_133_TX_3_evaluation,1,2016-03-01,2016-03-06,0.0,0.003004647149546,DES
m5,FOODS_1_133_TX_3_evaluation,1,2016-03-01,2016-03-07,1.0,0.0044077571120085,DES
m5,FOODS_1_133_TX_3_evaluation,1,2016-03-01,2016-03-08,1.0,0.0058108670744709,DES
m5,FOODS_1_133_TX_3_evaluation,1,2016-03-01,2016-03-09,0.0,0.0072139770369334,DES
m5,FOODS_1_133_TX_3_evaluation,1,2016-03-01,2016-03-10,0.0,0.0086170869993958,DES
m5,FOODS_1_133_TX_3_evaluation,1,2016-03-01,2016-03-11,0.0,0.0100201969618583,DES
m5,FOODS_1_133_TX_3_evaluation,1,2016-03-01,2016-03-12,0.0,0.0114233069243207,DES
m5,FOODS_1_133_TX_3_evaluation,1,2016-03-01,2016-03-13,0.0,0.0128264168867832,DES
m5,FOODS_1_133_TX_3_evaluation,1,2016-03-01,2016-03-14,0.0,0.0142295268492456,DES
m5,FOODS_1_133_TX_3_evaluation,1,2016-03-01,2016-03-15,0.0,0.0156326368117081,DES
m5,FOODS_1_133_TX_3_evaluation,1,2016-03-01,2016-03-16,0.0,0.0170357467741706,DES
m5,FOODS_1_133_TX_3_evaluation,1,2016-03-01,2016-03-17,0.0,0.018438856736633,DES
m5,FOODS_1_133_TX_3_evaluation,1,2016-03-01,2016-03-18,0.0,0.0198419666990955,DES
m5,FOODS_1_133_TX_3_evaluation,1,2016-03-01,2016-03-19,0.0,0.0212450766615579,DES
m5,FOODS_1_133_TX_3_evaluation,1,2016-03-01,2016-03-20,0.0,0.0226481866240204,DES
m5,FOODS_1_133_TX_3_evaluation,1,2016-03-01,2016-03-21,0.0,0.0240512965864828,DES
m5,FOODS_1_133_TX_3_evaluation,1,2016-03-01,2016-03-22,0.0,0.0254544065489453,DES
m5,FOODS_1_133_TX_3_evaluation,1,2016-03-01,2016-03-23,0.0,0.0268575165114077,DES
m5,FOODS_1_133_TX_3_evaluation,1,2016-03-01,2016-03-24,0.0,0.0282606264738702,DES
m5,FOODS_1_133_TX_3_evaluation,1,2016-03-01,2016-03-25,0.0,0.0296637364363326,DES
m5,FOODS_1_133_TX_3_evaluation,1,2016-03-01,2016-03-26,0.0,0.0310668463987951,DES
m5,FOODS_1_133_TX_3_evaluation,1,2016-03-01,2016-03-27,0.0,0.0324699563612576,DES
m5,FOODS_1_133_TX_3_evaluation,1,2016-03-01,2016-03-28,0.0,0.03387306632372,DES
m5,FOODS_1_098_CA_3_evaluation,1,2016-03-01,2016-03-01,2.0,0.4402714240812776,TES
m5,FOODS_1_098_CA_3_evaluation,1,2016-03-01,2016-03-02,0.0,0.7151993095444309,TES
m5,FOODS_1_098_CA_3_evaluation,1,2016-03-01,2016-03-03,1.0,0.5694348079598275,TES
m5,FOODS_1_098_CA_3_evaluation,1,2016-03-01,2016-03-04,0.0,0.2429848839111832,TES
m5,FOODS_1_098_CA_3_evaluation,1,2016-03-01,2016-03-05,0.0,0.4181810030682699,TES
m5,FOODS_1_098_CA_3_evaluation,1,2016-03-01,2016-03-06,0.0,0.3630980475470963,TES
m5,FOODS_1_098_CA_3_evaluation,1,2016-03-01,2016-03-07,0.0,0.563604899124801,TES
m5,FOODS_1_098_CA_3_evaluation,1,2016-03-01,2016-03-08,0.0,0.4250761479983466,TES
m5,FOODS_1_098_CA_3_evaluation,1,2016-03-01,2016-03-09,0.0,0.7000040334614999,TES
m5,FOODS_1_098_CA_3_evaluation,1,2016-03-01,2016-03-10,0.0,0.5542395318768965,TES
m5,FOODS_1_098_CA_3_evaluation,1,2016-03-01,2016-03-11,2.0,0.2277896078282522,TES
m5,FOODS_1_098_CA_3_evaluation,1,2016-03-01,2016-03-12,0.0,0.4029857269853388,TES
m5,FOODS_1_098_CA_3_evaluation,1,2016-03-01,2016-03-13,0.0,0.3479027714641652,TES
m5,FOODS_1_098_CA_3_evaluation,1,2016-03-01,2016-03-14,1.0,0.54840962304187,TES
m5,FOODS_1_098_CA_3_evaluation,1,2016-03-01,2016-03-15,2.0,0.4098808719154155,TES
m5,FOODS_1_098_CA_3_evaluation,1,2016-03-01,2016-03-16,1.0,0.6848087573785688,TES
m5,FOODS_1_098_CA_3_evaluation,1,2016-03-01,2016-03-17,0.0,0.5390442557939654,TES
m5,FOODS_1_098_CA_3_evaluation,1,2016-03-01,2016-03-18,0.0,0.2125943317453212,TES
m5,FOODS_1_098_CA_3_evaluation,1,2016-03-01,2016-03-19,0.0,0.3877904509024077,TES
m5,FOODS_1_098_CA_3_evaluation,1,2016-03-01,2016-03-20,0.0,0.3327074953812342,TES
m5,FOODS_1_098_CA_3_evaluation,1,2016-03-01,2016-03-21,1.0,0.533214346958939,TES
m5,FOODS_1_098_CA_3_evaluation,1,2016-03-01,2016-03-22,0.0,0.3946855958324845,TES
m5,FOODS_1_098_CA_3_evaluation,1,2016-03-01,2016-03-23,0.0,0.6696134812956378,TES
m5,FOODS_1_098_CA_3_evaluation,1,2016-03-01,2016-03-24,0.0,0.5238489797110344,TES
m5,FOODS_1_098_CA_3_evaluation,1,2016-03-01,2016-03-25,0.0,0.1973990556623901,TES
m5,FOODS_1_098_CA_3_evaluation,1,2016-03-01,2016-03-26,0.0,0.3725951748194767,TES
m5,FOODS_1_098_CA_3_evaluation,1,2016-03-01,2016-03-27,0.0,0.3175122192983032,TES
m5,FOODS_1_098_CA_3_evaluation,1,2016-03-01,2016-03-28,0.0,0.518019070876008,TES
m5,FOODS_1_133_TX_3_evaluation,1,2016-03-01,2016-03-01,0.0,0.0,TES
m5,FOODS_1_133_TX_3_evaluation,1,2016-03-01,2016-03-02,0.0,0.0806457276242352,TES
m5,FOODS_1_133_TX_3_evaluation,1,2016-03-01,2016-03-03,3.0,0.0,TES
m5,FOODS_1_133_TX_3_evaluation,1,2016-03-01,2016-03-04,1.0,0.0,TES
m5,FOODS_1_133_TX_3_evaluation,1,2016-03-01,2016-03-05,0.0,0.0674027970313829,TES
m5,FOODS_1_133_TX_3_evaluation,1,2016-03-01,2016-03-06,0.0,0.0197336623207305,TES
m5,FOODS_1_133_TX_3_evaluation,1,2016-03-01,2016-03-07,1.0,0.0,TES
m5,FOODS_1_133_TX_3_evaluation,1,2016-03-01,2016-03-08,1.0,0.0,TES
m5,FOODS_1_133_TX_3_evaluation,1,2016-03-01,2016-03-09,0.0,0.0706451395464745,TES
m5,FOODS_1_133_TX_3_evaluation,1,2016-03-01,2016-03-10,0.0,0.0,TES
m5,FOODS_1_133_TX_3_evaluation,1,2016-03-01,2016-03-11,0.0,0.0,TES
m5,FOODS_1_133_TX_3_evaluation,1,2016-03-01,2016-03-12,0.0,0.0574022089536222,TES
m5,FOODS_1_133_TX_3_evaluation,1,2016-03-01,2016-03-13,0.0,0.0097330742429698,TES
m5,FOODS_1_133_TX_3_evaluation,1,2016-03-01,2016-03-14,0.0,0.0,TES
m5,FOODS_1_133_TX_3_evaluation,1,2016-03-01,2016-03-15,0.0,0.0,TES
m5,FOODS_1_133_TX_3_evaluation,1,2016-03-01,2016-03-16,0.0,0.0606445514687138,TES
m5,FOODS_1_133_TX_3_evaluation,1,2016-03-01,2016-03-17,0.0,0.0,TES
m5,FOODS_1_133_TX_3_evaluation,1,2016-03-01,2016-03-18,0.0,0.0,TES
m5,FOODS_1_133_TX_3_evaluation,1,2016-03-01,2016-03-19,0.0,0.0474016208758615,TES
m5,FOODS_1_133_TX_3_evaluation,1,2016-03-01,2016-03-20,0.0,0.0,TES
m5,FOODS_1_133_TX_3_evaluation,1,2016-03-01,2016-03-21,0.0,0.0,TES
m5,FOODS_1_133_TX_3_evaluation,1,2016-03-01,2016-03-22,0.0,0.0,TES
m5,FOODS_1_133_TX_3_evaluation,1,2016-03-01,2016-03-23,0.0,0.0506439633909532,TES
m5,FOODS_1_133_TX_3_evaluation,1,2016-03-01,2016-03-24,0.0,0.0,TES
m5,FOODS_1_133_TX_3_evaluation,1,2016-03-01,2016-03-25,0.0,0.0,TES
m5,FOODS_1_133_TX_3_evaluation,1,2016-03-01,2016-03-26,0.0,0.0374010327981009,TES
m5,FOODS_1_133_TX_3_evaluation,1,2016-03-01,2016-03-27,0.0,0.0,TES
m5,FOODS_1_133_TX_3_evaluation,1,2016-03-01,2016-03-28,0.0,0.0,TES
store_item_demand,S01_I01,1,2016-03-01,2016-03-01,16.0,15.203189218511303,SES
store_item_demand,S01_I01,1,2016-03-01,2016-03-02,17.0,15.203189218511303,SES
store_item_demand,S01_I01,1,2016-03-01,2016-03-03,20.0,15.203189218511303,SES
store_item_demand,S01_I01,1,2016-03-01,2016-03-04,17.0,15.203189218511303,SES
store_item_demand,S01_I01,1,2016-03-01,2016-03-05,17.0,15.203189218511303,SES
store_item_demand,S01_I01,1,2016-03-01,2016-03-06,22.0,15.203189218511303,SES
store_item_demand,S01_I01,1,2016-03-01,2016-03-07,17.0,15.203189218511303,SES
store_item_demand,S01_I01,1,2016-03-01,2016-03-08,9.0,15.203189218511303,SES
store_item_demand,S01_I01,1,2016-03-01,2016-03-09,18.0,15.203189218511303,SES
store_item_demand,S01_I01,1,2016-03-01,2016-03-10,15.0,15.203189218511303,SES
store_item_demand,S01_I01,1,2016-03-01,2016-03-11,22.0,15.203189218511303,SES
store_item_demand,S01_I01,1,2016-03-01,2016-03-12,17.0,15.203189218511303,SES
store_item_demand,S01_I01,1,2016-03-01,2016-03-13,23.0,15.203189218511303,SES
store_item_demand,S01_I01,1,2016-03-01,2016-03-14,13.0,15.203189218511303,SES
store_item_demand,S01_I01,1,2016-03-01,2016-03-15,11.0,15.203189218511303,SES
store_item_demand,S01_I01,1,2016-03-01,2016-03-16,23.0,15.203189218511303,SES
store_item_demand,S01_I01,1,2016-03-01,2016-03-17,19.0,15.203189218511303,SES
store_item_demand,S01_I01,1,2016-03-01,2016-03-18,21.0,15.203189218511303,SES
store_item_demand,S01_I01,1,2016-03-01,2016-03-19,25.0,15.203189218511303,SES
store_item_demand,S01_I01,1,2016-03-01,2016-03-20,25.0,15.203189218511303,SES
store_item_demand,S01_I01,1,2016-03-01,2016-03-21,22.0,15.203189218511303,SES
store_item_demand,S01_I01,1,2016-03-01,2016-03-22,17.0,15.203189218511303,SES
store_item_demand,S01_I01,1,2016-03-01,2016-03-23,19.0,15.203189218511303,SES
store_item_demand,S01_I01,1,2016-03-01,2016-03-24,18.0,15.203189218511303,SES
store_item_demand,S01_I01,1,2016-03-01,2016-03-25,27.0,15.203189218511303,SES
store_item_demand,S01_I01,1,2016-03-01,2016-03-26,22.0,15.203189218511303,SES
store_item_demand,S01_I01,1,2016-03-01,2016-03-27,28.0,15.203189218511303,SES
store_item_demand,S01_I01,1,2016-03-01,2016-03-28,16.0,15.203189218511303,SES
store_item_demand,S01_I02,1,2016-03-01,2016-03-01,57.0,42.015004316403214,SES
store_item_demand,S01_I02,1,2016-03-01,2016-03-02,45.0,42.015004316403214,SES
store_item_demand,S01_I02,1,2016-03-01,2016-03-03,58.0,42.015004316403214,SES
store_item_demand,S01_I02,1,2016-03-01,2016-03-04,61.0,42.015004316403214,SES
store_item_demand,S01_I02,1,2016-03-01,2016-03-05,71.0,42.015004316403214,SES
store_item_demand,S01_I02,1,2016-03-01,2016-03-06,66.0,42.015004316403214,SES
store_item_demand,S01_I02,1,2016-03-01,2016-03-07,44.0,42.015004316403214,SES
store_item_demand,S01_I02,1,2016-03-01,2016-03-08,35.0,42.015004316403214,SES
store_item_demand,S01_I02,1,2016-03-01,2016-03-09,54.0,42.015004316403214,SES
store_item_demand,S01_I02,1,2016-03-01,2016-03-10,42.0,42.015004316403214,SES
store_item_demand,S01_I02,1,2016-03-01,2016-03-11,44.0,42.015004316403214,SES
store_item_demand,S01_I02,1,2016-03-01,2016-03-12,61.0,42.015004316403214,SES
store_item_demand,S01_I02,1,2016-03-01,2016-03-13,59.0,42.015004316403214,SES
store_item_demand,S01_I02,1,2016-03-01,2016-03-14,43.0,42.015004316403214,SES
store_item_demand,S01_I02,1,2016-03-01,2016-03-15,44.0,42.015004316403214,SES
store_item_demand,S01_I02,1,2016-03-01,2016-03-16,46.0,42.015004316403214,SES
store_item_demand,S01_I02,1,2016-03-01,2016-03-17,54.0,42.015004316403214,SES
store_item_demand,S01_I02,1,2016-03-01,2016-03-18,62.0,42.015004316403214,SES
store_item_demand,S01_I02,1,2016-03-01,2016-03-19,53.0,42.015004316403214,SES
store_item_demand,S01_I02,1,2016-03-01,2016-03-20,63.0,42.015004316403214,SES
store_item_demand,S01_I02,1,2016-03-01,2016-03-21,39.0,42.015004316403214,SES
store_item_demand,S01_I02,1,2016-03-01,2016-03-22,52.0,42.015004316403214,SES
store_item_demand,S01_I02,1,2016-03-01,2016-03-23,49.0,42.015004316403214,SES
store_item_demand,S01_I02,1,2016-03-01,2016-03-24,54.0,42.015004316403214,SES
store_item_demand,S01_I02,1,2016-03-01,2016-03-25,61.0,42.015004316403214,SES
store_item_demand,S01_I02,1,2016-03-01,2016-03-26,53.0,42.015004316403214,SES
store_item_demand,S01_I02,1,2016-03-01,2016-03-27,66.0,42.015004316403214,SES
store_item_demand,S01_I02,1,2016-03-01,2016-03-28,39.0,42.015004316403214,SES
store_item_demand,S01_I01,1,2016-03-01,2016-03-01,16.0,13.58571667414148,DES
store_item_demand,S01_I01,1,2016-03-01,2016-03-02,17.0,13.150064200181651,DES
store_item_demand,S01_I01,1,2016-03-01,2016-03-03,20.0,12.714411726221822,DES
store_item_demand,S01_I01,1,2016-03-01,2016-03-04,17.0,12.278759252261995,DES
store_item_demand,S01_I01,1,2016-03-01,2016-03-05,17.0,11.843106778302165,DES
store_item_demand,S01_I01,1,2016-03-01,2016-03-06,22.0,11.407454304342338,DES
store_item_demand,S01_I01,1,2016-03-01,2016-03-07,17.0,10.971801830382509,DES
store_item_demand,S01_I01,1,2016-03-01,2016-03-08,9.0,10.53614935642268,DES
store_item_demand,S01_I01,1,2016-03-01,2016-03-09,18.0,10.100496882462853,DES
store_item_demand,S01_I01,1,2016-03-01,2016-03-10,15.0,9.664844408503022,DES
store_item_demand,S01_I01,1,2016-03-01,2016-03-11,22.0,9.229191934543197,DES
store_item_demand,S01_I01,1,2016-03-01,2016-03-12,17.0,8.793539460583364,DES
store_item_demand,S01_I01,1,2016-03-01,2016-03-13,23.0,8.357886986623537,DES
store_item_demand,S01_I01,1,2016-03-01,2016-03-14,13.0,7.922234512663708,DES
store_item_demand,S01_I01,1,2016-03-01,2016-03-15,11.0,7.486582038703879,DES
store_item_demand,S01_I01,1,2016-03-01,2016-03-16,23.0,7.050929564744051,DES
store_item_demand,S01_I01,1,2016-03-01,2016-03-17,19.0,6.615277090784222,DES
store_item_demand,S01_I01,1,2016-03-01,2016-03-18,21.0,6.179624616824393,DES
store_item_demand,S01_I01,1,2016-03-01,2016-03-19,25.0,5.743972142864564,DES
store_item_demand,S01_I01,1,2016-03-01,2016-03-20,25.0,5.308319668904735,DES
store_item_demand,S01_I01,1,2016-03-01,2016-03-21,22.0,4.872667194944908,DES
store_item_demand,S01_I01,1,2016-03-01,2016-03-22,17.0,4.437014720985079,DES
store_item_demand,S01_I01,1,2016-03-01,2016-03-23,19.0,4.00136224702525,DES
store_item_demand,S01_I01,1,2016-03-01,2016-03-24,18.0,3.565709773065421,DES
store_item_demand,S01_I01,1,2016-03-01,2016-03-25,27.0,3.1300572991055926,DES
store_item_demand,S01_I01,1,2016-03-01,2016-03-26,22.0,2.694404825145764,DES
store_item_demand,S01_I01,1,2016-03-01,2016-03-27,28.0,2.258752351185935,DES
store_item_demand,S01_I01,1,2016-03-01,2016-03-28,16.0,1.823099877226108,DES
store_item_demand,S01_I02,1,2016-03-01,2016-03-01,57.0,39.07139237107548,DES
store_item_demand,S01_I02,1,2016-03-01,2016-03-02,45.0,38.48921603201965,DES
store_item_demand,S01_I02,1,2016-03-01,2016-03-03,58.0,37.90703969296382,DES
store_item_demand,S01_I02,1,2016-03-01,2016-03-04,61.0,37.32486335390799,DES
store_item_demand,S01_I02,1,2016-03-01,2016-03-05,71.0,36.742687014852166,DES
store_item_demand,S01_I02,1,2016-03-01,2016-03-06,66.0,36.16051067579634,DES
store_item_demand,S01_I02,1,2016-03-01,2016-03-07,44.0,35.57833433674051,DES
store_item_demand,S01_I02,1,2016-03-01,2016-03-08,35.0,34.99615799768468,DES
store_item_demand,S01_I02,1,2016-03-01,2016-03-09,54.0,34.413981658628856,DES
store_item_demand,S01_I02,1,2016-03-01,2016-03-10,42.0,33.83180531957303,DES
store_item_demand,S01_I02,1,2016-03-01,2016-03-11,44.0,33.2496289805172,DES
store_item_demand,S01_I02,1,2016-03-01,2016-03-12,61.0,32.667452641461374,DES
store_item_demand,S01_I02,1,2016-03-01,2016-03-13,59.0,32.085276302405546,DES
store_item_demand,S01_I02,1,2016-03-01,2016-03-14,43.0,31.50309996334972,DES
store_item_demand,S01_I02,1,2016-03-01,2016-03-15,44.0,30.92092362429389,DES
store_item_demand,S01_I02,1,2016-03-01,2016-03-16,46.0,30.338747285238068,DES
store_item_demand,S01_I02,1,2016-03-01,2016-03-17,54.0,29.75657094618224,DES
store_item_demand,S01_I02,1,2016-03-01,2016-03-18,62.0,29.174394607126413,DES
store_item_demand,S01_I02,1,2016-03-01,2016-03-19,53.0,28.592218268070585,DES
store_item_demand,S01_I02,1,2016-03-01,2016-03-20,63.0,28.01004192901476,DES
store_item_demand,S01_I02,1,2016-03-01,2016-03-21,39.0,27.42786558995893,DES
store_item_demand,S01_I02,1,2016-03-01,2016-03-22,52.0,26.845689250903103,DES
store_item_demand,S01_I02,1,2016-03-01,2016-03-23,49.0,26.26351291184728,DES
store_item_demand,S01_I02,1,2016-03-01,2016-03-24,54.0,25.68133657279145,DES
store_item_demand,S01_I02,1,2016-03-01,2016-03-25,61.0,25.099160233735624,DES
store_item_demand,S01_I02,1,2016-03-01,2016-03-26,53.0,24.5169838946798,DES
store_item_demand,S01_I02,1,2016-03-01,2016-03-27,66.0,23.93480755562397,DES
store_item_demand,S01_I02,1,2016-03-01,2016-03-28,39.0,23.352631216568145,DES
store_item_demand,S01_I01,1,2016-03-01,2016-03-01,16.0,12.731572618285416,TES
store_item_demand,S01_I01,1,2016-03-01,2016-03-02,17.0,12.97419372107872,TES
store_item_demand,S01_I01,1,2016-03-01,2016-03-03,20.0,9.797182985517509,TES
store_item_demand,S01_I01,1,2016-03-01,2016-03-04,17.0,10.746505530870918,TES
store_item_demand,S01_I01,1,2016-03-01,2016-03-05,17.0,13.072357320454802,TES
store_item_demand,S01_I01,1,2016-03-01,2016-03-06,22.0,13.966287503865832,TES
store_item_demand,S01_I01,1,2016-03-01,2016-03-07,17.0,8.809948771870289,TES
store_item_demand,S01_I01,1,2016-03-01,2016-03-08,9.0,10.821900036164063,TES
store_item_demand,S01_I01,1,2016-03-01,2016-03-09,18.0,11.064521138957367,TES
store_item_demand,S01_I01,1,2016-03-01,2016-03-10,15.0,7.887510403396156,TES
store_item_demand,S01_I01,1,2016-03-01,2016-03-11,22.0,8.836832948749565,TES
store_item_demand,S01_I01,1,2016-03-01,2016-03-12,17.0,11.162684738333448,TES
store_item_demand,S01_I01,1,2016-03-01,2016-03-13,23.0,12.05661492174448,TES
store_item_demand,S01_I01,1,2016-03-01,2016-03-14,13.0,6.900276189748935,TES
store_item_demand,S01_I01,1,2016-03-01,2016-03-15,11.0,8.912227454042709,TES
store_item_demand,S01_I01,1,2016-03-01,2016-03-16,23.0,9.154848556836017,TES
store_item_demand,S01_I01,1,2016-03-01,2016-03-17,19.0,5.977837821274802,TES
store_item_demand,S01_I01,1,2016-03-01,2016-03-18,21.0,6.927160366628211,TES
store_item_demand,S01_I01,1,2016-03-01,2016-03-19,25.0,9.253012156212096,TES
store_item_demand,S01_I01,1,2016-03-01,2016-03-20,25.0,10.146942339623129,TES
store_item_demand,S01_I01,1,2016-03-01,2016-03-21,22.0,4.990603607627582,TES
store_item_demand,S01_I01,1,2016-03-01,2016-03-22,17.0,7.002554871921356,TES
store_item_demand,S01_I01,1,2016-03-01,2016-03-23,19.0,7.245175974714661,TES
store_item_demand,S01_I01,1,2016-03-01,2016-03-24,18.0,4.0681652391534495,TES
store_item_demand,S01_I01,1,2016-03-01,2016-03-25,27.0,5.017487784506859,TES
store_item_demand,S01_I01,1,2016-03-01,2016-03-26,22.0,7.343339574090742,TES
store_item_demand,S01_I01,1,2016-03-01,2016-03-27,28.0,8.237269757501773,TES
store_item_demand,S01_I01,1,2016-03-01,2016-03-28,16.0,3.080931025506229,TES
store_item_demand,S01_I02,1,2016-03-01,2016-03-01,57.0,34.76299824043062,TES
store_item_demand,S01_I02,1,2016-03-01,2016-03-02,45.0,32.882054219135895,TES
store_item_demand,S01_I02,1,2016-03-01,2016-03-03,58.0,41.52840175465034,TES
store_item_demand,S01_I02,1,2016-03-01,2016-03-04,61.0,36.12084869808217,TES
store_item_demand,S01_I02,1,2016-03-01,2016-03-05,71.0,36.4427054899125,TES
store_item_demand,S01_I02,1,2016-03-01,2016-03-06,66.0,39.18818329939782,TES
store_item_demand,S01_I02,1,2016-03-01,2016-03-07,44.0,28.45664660341757,TES
store_item_demand,S01_I02,1,2016-03-01,2016-03-08,35.0,29.983235116782723,TES
store_item_demand,S01_I02,1,2016-03-01,2016-03-09,54.0,28.102291095487995,TES
store_item_demand,S01_I02,1,2016-03-01,2016-03-10,42.0,36.74863863100244,TES
store_item_demand,S01_I02,1,2016-03-01,2016-03-11,44.0,31.34108557443428,TES
store_item_demand,S01_I02,1,2016-03-01,2016-03-12,61.0,31.66294236626461,TES
store_item_demand,S01_I02,1,2016-03-01,2016-03-13,59.0,34.40842017574993,TES
store_item_demand,S01_I02,1,2016-03-01,2016-03-14,43.0,23.676883479769685,TES
store_item_demand,S01_I02,1,2016-03-01,2016-03-15,44.0,25.203471993134837,TES
store_item_demand,S01_I02,1,2016-03-01,2016-03-16,46.0,23.322527971840103,TES
store_item_demand,S01_I02,1,2016-03-01,2016-03-17,54.0,31.968875507354557,TES
store_item_demand,S01_I02,1,2016-03-01,2016-03-18,62.0,26.561322450786385,TES
store_item_demand,S01_I02,1,2016-03-01,2016-03-19,53.0,26.883179242616716,TES
store_item_demand,S01_I02,1,2016-03-01,2016-03-20,63.0,29.628657052102035,TES
store_item_demand,S01_I02,1,2016-03-01,2016-03-21,39.0,18.89712035612179,TES
store_item_demand,S01_I02,1,2016-03-01,2016-03-22,52.0,20.42370886948694,TES
store_item_demand,S01_I02,1,2016-03-01,2016-03-23,49.0,18.542764848192213,TES
store_item_demand,S01_I02,1,2016-03-01,2016-03-24,54.0,27.189112383706657,TES
store_item_demand,S01_I02,1,2016-03-01,2016-03-25,61.0,21.78155932713849,TES
store_item_demand,S01_I02,1,2016-03-01,2016-03-26,53.0,22.10341611896882,TES
store_item_demand,S01_I02,1,2016-03-01,2016-03-27,66.0,24.848893928454142,TES
store_item_demand,S01_I02,1,2016-03-01,2016-03-28,39.0,14.1173572324739,TES
m5,FOODS_1_098_CA_3_evaluation,1,2016-03-01,2016-03-01,2.0,0.2318715496666822,CROSTON
m5,FOODS_1_098_CA_3_evaluation,1,2016-03-01,2016-03-02,0.0,0.2318715496666822,CROSTON
m5,FOODS_1_098_CA_3_evaluation,1,2016-03-01,2016-03-03,1.0,0.2318715496666822,CROSTON
m5,FOODS_1_098_CA_3_evaluation,1,2016-03-01,2016-03-04,0.0,0.2318715496666822,CROSTON
m5,FOODS_1_098_CA_3_evaluation,1,2016-03-01,2016-03-05,0.0,0.2318715496666822,CROSTON
m5,FOODS_1_098_CA_3_evaluation,1,2016-03-01,2016-03-06,0.0,0.2318715496666822,CROSTON
m5,FOODS_1_098_CA_3_evaluation,1,2016-03-01,2016-03-07,0.0,0.2318715496666822,CROSTON
m5,FOODS_1_098_CA_3_evaluation,1,2016-03-01,2016-03-08,0.0,0.2318715496666822,CROSTON
m5,FOODS_1_098_CA_3_evaluation,1,2016-03-01,2016-03-09,0.0,0.2318715496666822,CROSTON
m5,FOODS_1_098_CA_3_evaluation,1,2016-03-01,2016-03-10,0.0,0.2318715496666822,CROSTON
m5,FOODS_1_098_CA_3_evaluation,1,2016-03-01,2016-03-11,2.0,0.2318715496666822,CROSTON
m5,FOODS_1_098_CA_3_evaluation,1,2016-03-01,2016-03-12,0.0,0.2318715496666822,CROSTON
m5,FOODS_1_098_CA_3_evaluation,1,2016-03-01,2016-03-13,0.0,0.2318715496666822,CROSTON
m5,FOODS_1_098_CA_3_evaluation,1,2016-03-01,2016-03-14,1.0,0.2318715496666822,CROSTON
m5,FOODS_1_098_CA_3_evaluation,1,2016-03-01,2016-03-15,2.0,0.2318715496666822,CROSTON
m5,FOODS_1_098_CA_3_evaluation,1,2016-03-01,2016-03-16,1.0,0.2318715496666822,CROSTON
m5,FOODS_1_098_CA_3_evaluation,1,2016-03-01,2016-03-17,0.0,0.2318715496666822,CROSTON
m5,FOODS_1_098_CA_3_evaluation,1,2016-03-01,2016-03-18,0.0,0.2318715496666822,CROSTON
m5,FOODS_1_098_CA_3_evaluation,1,2016-03-01,2016-03-19,0.0,0.2318715496666822,CROSTON
m5,FOODS_1_098_CA_3_evaluation,1,2016-03-01,2016-03-20,0.0,0.2318715496666822,CROSTON
m5,FOODS_1_098_CA_3_evaluation,1,2016-03-01,2016-03-21,1.0,0.2318715496666822,CROSTON
m5,FOODS_1_098_CA_3_evaluation,1,2016-03-01,2016-03-22,0.0,0.2318715496666822,CROSTON
m5,FOODS_1_098_CA_3_evaluation,1,2016-03-01,2016-03-23,0.0,0.2318715496666822,CROSTON
m5,FOODS_1_098_CA_3_evaluation,1,2016-03-01,2016-03-24,0.0,0.2318715496666822,CROSTON
m5,FOODS_1_098_CA_3_evaluation,1,2016-03-01,2016-03-25,0.0,0.2318715496666822,CROSTON
m5,FOODS_1_098_CA_3_evaluation,1,2016-03-01,2016-03-26,0.0,0.2318715496666822,CROSTON
m5,FOODS_1_098_CA_3_evaluation,1,2016-03-01,2016-03-27,0.0,0.2318715496666822,CROSTON
m5,FOODS_1_098_CA_3_evaluation,1,2016-03-01,2016-03-28,0.0,0.2318715496666822,CROSTON
m5,FOODS_1_133_TX_3_evaluation,1,2016-03-01,2016-03-01,0.0,0.16179963822976,CROSTON
m5,FOODS_1_133_TX_3_evaluation,1,2016-03-01,2016-03-02,0.0,0.16179963822976,CROSTON
m5,FOODS_1_133_TX_3_evaluation,1,2016-03-01,2016-03-03,3.0,0.16179963822976,CROSTON
m5,FOODS_1_133_TX_3_evaluation,1,2016-03-01,2016-03-04,1.0,0.16179963822976,CROSTON
m5,FOODS_1_133_TX_3_evaluation,1,2016-03-01,2016-03-05,0.0,0.16179963822976,CROSTON
m5,FOODS_1_133_TX_3_evaluation,1,2016-03-01,2016-03-06,0.0,0.16179963822976,CROSTON
m5,FOODS_1_133_TX_3_evaluation,1,2016-03-01,2016-03-07,1.0,0.16179963822976,CROSTON
m5,FOODS_1_133_TX_3_evaluation,1,2016-03-01,2016-03-08,1.0,0.16179963822976,CROSTON
m5,FOODS_1_133_TX_3_evaluation,1,2016-03-01,2016-03-09,0.0,0.16179963822976,CROSTON
m5,FOODS_1_133_TX_3_evaluation,1,2016-03-01,2016-03-10,0.0,0.16179963822976,CROSTON
m5,FOODS_1_133_TX_3_evaluation,1,2016-03-01,2016-03-11,0.0,0.16179963822976,CROSTON
m5,FOODS_1_133_TX_3_evaluation,1,2016-03-01,2016-03-12,0.0,0.16179963822976,CROSTON
m5,FOODS_1_133_TX_3_evaluation,1,2016-03-01,2016-03-13,0.0,0.16179963822976,CROSTON
m5,FOODS_1_133_TX_3_evaluation,1,2016-03-01,2016-03-14,0.0,0.16179963822976,CROSTON
m5,FOODS_1_133_TX_3_evaluation,1,2016-03-01,2016-03-15,0.0,0.16179963822976,CROSTON
m5,FOODS_1_133_TX_3_evaluation,1,2016-03-01,2016-03-16,0.0,0.16179963822976,CROSTON
m5,FOODS_1_133_TX_3_evaluation,1,2016-03-01,2016-03-17,0.0,0.16179963822976,CROSTON
m5,FOODS_1_133_TX_3_evaluation,1,2016-03-01,2016-03-18,0.0,0.16179963822976,CROSTON
m5,FOODS_1_133_TX_3_evaluation,1,2016-03-01,2016-03-19,0.0,0.16179963822976,CROSTON
m5,FOODS_1_133_TX_3_evaluation,1,2016-03-01,2016-03-20,0.0,0.16179963822976,CROSTON
m5,FOODS_1_133_TX_3_evaluation,1,2016-03-01,2016-03-21,0.0,0.16179963822976,CROSTON
m5,FOODS_1_133_TX_3_evaluation,1,2016-03-01,2016-03-22,0.0,0.16179963822976,CROSTON
m5,FOODS_1_133_TX_3_evaluation,1,2016-03-01,2016-03-23,0.0,0.16179963822976,CROSTON
m5,FOODS_1_133_TX_3_evaluation,1,2016-03-01,2016-03-24,0.0,0.16179963822976,CROSTON
m5,FOODS_1_133_TX_3_evaluation,1,2016-03-01,2016-03-25,0.0,0.16179963822976,CROSTON
m5,FOODS_1_133_TX_3_evaluation,1,2016-03-01,2016-03-26,0.0,0.16179963822976,CROSTON
m5,FOODS_1_133_TX_3_evaluation,1,2016-03-01,2016-03-27,0.0,0.16179963822976,CROSTON
m5,FOODS_1_133_TX_3_evaluation,1,2016-03-01,2016-03-28,0.0,0.16179963822976,CROSTON
m5,FOODS_1_098_CA_3_evaluation,1,2016-03-01,2016-03-01,2.0,0.2821263576302678,SBA
m5,FOODS_1_098_CA_3_evaluation,1,2016-03-01,2016-03-02,0.0,0.2821263576302678,SBA
m5,FOODS_1_098_CA_3_evaluation,1,2016-03-01,2016-03-03,1.0,0.2821263576302678,SBA
m5,FOODS_1_098_CA_3_evaluation,1,2016-03-01,2016-03-04,0.0,0.2821263576302678,SBA
m5,FOODS_1_098_CA_3_evaluation,1,2016-03-01,2016-03-05,0.0,0.2821263576302678,SBA
m5,FOODS_1_098_CA_3_evaluation,1,2016-03-01,2016-03-06,0.0,0.2821263576302678,SBA
m5,FOODS_1_098_CA_3_evaluation,1,2016-03-01,2016-03-07,0.0,0.2821263576302678,SBA
m5,FOODS_1_098_CA_3_evaluation,1,2016-03-01,2016-03-08,0.0,0.2821263576302678,SBA
m5,FOODS_1_098_CA_3_evaluation,1,2016-03-01,2016-03-09,0.0,0.2821263576302678,SBA
m5,FOODS_1_098_CA_3_evaluation,1,2016-03-01,2016-03-10,0.0,0.2821263576302678,SBA
m5,FOODS_1_098_CA_3_evaluation,1,2016-03-01,2016-03-11,2.0,0.2821263576302678,SBA
m5,FOODS_1_098_CA_3_evaluation,1,2016-03-01,2016-03-12,0.0,0.2821263576302678,SBA
m5,FOODS_1_098_CA_3_evaluation,1,2016-03-01,2016-03-13,0.0,0.2821263576302678,SBA
m5,FOODS_1_098_CA_3_evaluation,1,2016-03-01,2016-03-14,1.0,0.2821263576302678,SBA
m5,FOODS_1_098_CA_3_evaluation,1,2016-03-01,2016-03-15,2.0,0.2821263576302678,SBA
m5,FOODS_1_098_CA_3_evaluation,1,2016-03-01,2016-03-16,1.0,0.2821263576302678,SBA
m5,FOODS_1_098_CA_3_evaluation,1,2016-03-01,2016-03-17,0.0,0.2821263576302678,SBA
m5,FOODS_1_098_CA_3_evaluation,1,2016-03-01,2016-03-18,0.0,0.2821263576302678,SBA
m5,FOODS_1_098_CA_3_evaluation,1,2016-03-01,2016-03-19,0.0,0.2821263576302678,SBA
m5,FOODS_1_098_CA_3_evaluation,1,2016-03-01,2016-03-20,0.0,0.2821263576302678,SBA
m5,FOODS_1_098_CA_3_evaluation,1,2016-03-01,2016-03-21,1.0,0.2821263576302678,SBA
m5,FOODS_1_098_CA_3_evaluation,1,2016-03-01,2016-03-22,0.0,0.2821263576302678,SBA
m5,FOODS_1_098_CA_3_evaluation,1,2016-03-01,2016-03-23,0.0,0.2821263576302678,SBA
m5,FOODS_1_098_CA_3_evaluation,1,2016-03-01,2016-03-24,0.0,0.2821263576302678,SBA
m5,FOODS_1_098_CA_3_evaluation,1,2016-03-01,2016-03-25,0.0,0.2821263576302678,SBA
m5,FOODS_1_098_CA_3_evaluation,1,2016-03-01,2016-03-26,0.0,0.2821263576302678,SBA
m5,FOODS_1_098_CA_3_evaluation,1,2016-03-01,2016-03-27,0.0,0.2821263576302678,SBA
m5,FOODS_1_098_CA_3_evaluation,1,2016-03-01,2016-03-28,0.0,0.2821263576302678,SBA
m5,FOODS_1_133_TX_3_evaluation,1,2016-03-01,2016-03-01,0.0,0.0669082850238524,SBA
m5,FOODS_1_133_TX_3_evaluation,1,2016-03-01,2016-03-02,0.0,0.0669082850238524,SBA
m5,FOODS_1_133_TX_3_evaluation,1,2016-03-01,2016-03-03,3.0,0.0669082850238524,SBA
m5,FOODS_1_133_TX_3_evaluation,1,2016-03-01,2016-03-04,1.0,0.0669082850238524,SBA
m5,FOODS_1_133_TX_3_evaluation,1,2016-03-01,2016-03-05,0.0,0.0669082850238524,SBA
m5,FOODS_1_133_TX_3_evaluation,1,2016-03-01,2016-03-06,0.0,0.0669082850238524,SBA
m5,FOODS_1_133_TX_3_evaluation,1,2016-03-01,2016-03-07,1.0,0.0669082850238524,SBA
m5,FOODS_1_133_TX_3_evaluation,1,2016-03-01,2016-03-08,1.0,0.0669082850238524,SBA
m5,FOODS_1_133_TX_3_evaluation,1,2016-03-01,2016-03-09,0.0,0.0669082850238524,SBA
m5,FOODS_1_133_TX_3_evaluation,1,2016-03-01,2016-03-10,0.0,0.0669082850238524,SBA
m5,FOODS_1_133_TX_3_evaluation,1,2016-03-01,2016-03-11,0.0,0.0669082850238524,SBA
m5,FOODS_1_133_TX_3_evaluation,1,2016-03-01,2016-03-12,0.0,0.0669082850238524,SBA
m5,FOODS_1_133_TX_3_evaluation,1,2016-03-01,2016-03-13,0.0,0.0669082850238524,SBA
m5,FOODS_1_133_TX_3_evaluation,1,2016-03-01,2016-03-14,0.0,0.0669082850238524,SBA
m5,FOODS_1_133_TX_3_evaluation,1,2016-03-01,2016-03-15,0.0,0.0669082850238524,SBA
m5,FOODS_1_133_TX_3_evaluation,1,2016-03-01,2016-03-16,0.0,0.0669082850238524,SBA
m5,FOODS_1_133_TX_3_evaluation,1,2016-03-01,2016-03-17,0.0,0.0669082850238524,SBA
m5,FOODS_1_133_TX_3_evaluation,1,2016-03-01,2016-03-18,0.0,0.0669082850238524,SBA
m5,FOODS_1_133_TX_3_evaluation,1,2016-03-01,2016-03-19,0.0,0.0669082850238524,SBA
m5,FOODS_1_133_TX_3_evaluation,1,2016-03-01,2016-03-20,0.0,0.0669082850238524,SBA
m5,FOODS_1_133_TX_3_evaluation,1,2016-03-01,2016-03-21,0.0,0.0669082850238524,SBA
m5,FOODS_1_133_TX_3_evaluation,1,2016-03-01,2016-03-22,0.0,0.0669082850238524,SBA
m5,FOODS_1_133_TX_3_evaluation,1,2016-03-01,2016-03-23,0.0,0.0669082850238524,SBA
m5,FOODS_1_133_TX_3_evaluation,1,2016-03-01,2016-03-24,0.0,0.0669082850238524,SBA
m5,FOODS_1_133_TX_3_evaluation,1,2016-03-01,2016-03-25,0.0,0.0669082850238524,SBA
m5,FOODS_1_133_TX_3_evaluation,1,2016-03-01,2016-03-26,0.0,0.0669082850238524,SBA
m5,FOODS_1_133_TX_3_evaluation,1,2016-03-01,2016-03-27,0.0,0.0669082850238524,SBA
m5,FOODS_1_133_TX_3_evaluation,1,2016-03-01,2016-03-28,0.0,0.0669082850238524,SBA
m5,FOODS_1_098_CA_3_evaluation,1,2016-03-01,2016-03-01,2.0,0.7314377793868704,TSB
m5,FOODS_1_098_CA_3_evaluation,1,2016-03-01,2016-03-02,0.0,0.7314377793868704,TSB
m5,FOODS_1_098_CA_3_evaluation,1,2016-03-01,2016-03-03,1.0,0.7314377793868704,TSB
m5,FOODS_1_098_CA_3_evaluation,1,2016-03-01,2016-03-04,0.0,0.7314377793868704,TSB
m5,FOODS_1_098_CA_3_evaluation,1,2016-03-01,2016-03-05,0.0,0.7314377793868704,TSB
m5,FOODS_1_098_CA_3_evaluation,1,2016-03-01,2016-03-06,0.0,0.7314377793868704,TSB
m5,FOODS_1_098_CA_3_evaluation,1,2016-03-01,2016-03-07,0.0,0.7314377793868704,TSB
m5,FOODS_1_098_CA_3_evaluation,1,2016-03-01,2016-03-08,0.0,0.7314377793868704,TSB
m5,FOODS_1_098_CA_3_evaluation,1,2016-03-01,2016-03-09,0.0,0.7314377793868704,TSB
m5,FOODS_1_098_CA_3_evaluation,1,2016-03-01,2016-03-10,0.0,0.7314377793868704,TSB
m5,FOODS_1_098_CA_3_evaluation,1,2016-03-01,2016-03-11,2.0,0.7314377793868704,TSB
m5,FOODS_1_098_CA_3_evaluation,1,2016-03-01,2016-03-12,0.0,0.7314377793868704,TSB
m5,FOODS_1_098_CA_3_evaluation,1,2016-03-01,2016-03-13,0.0,0.7314377793868704,TSB
m5,FOODS_1_098_CA_3_evaluation,1,2016-03-01,2016-03-14,1.0,0.7314377793868704,TSB
m5,FOODS_1_098_CA_3_evaluation,1,2016-03-01,2016-03-15,2.0,0.7314377793868704,TSB
m5,FOODS_1_098_CA_3_evaluation,1,2016-03-01,2016-03-16,1.0,0.7314377793868704,TSB
m5,FOODS_1_098_CA_3_evaluation,1,2016-03-01,2016-03-17,0.0,0.7314377793868704,TSB
m5,FOODS_1_098_CA_3_evaluation,1,2016-03-01,2016-03-18,0.0,0.7314377793868704,TSB
m5,FOODS_1_098_CA_3_evaluation,1,2016-03-01,2016-03-19,0.0,0.7314377793868704,TSB
m5,FOODS_1_098_CA_3_evaluation,1,2016-03-01,2016-03-20,0.0,0.7314377793868704,TSB
m5,FOODS_1_098_CA_3_evaluation,1,2016-03-01,2016-03-21,1.0,0.7314377793868704,TSB
m5,FOODS_1_098_CA_3_evaluation,1,2016-03-01,2016-03-22,0.0,0.7314377793868704,TSB
m5,FOODS_1_098_CA_3_evaluation,1,2016-03-01,2016-03-23,0.0,0.7314377793868704,TSB
m5,FOODS_1_098_CA_3_evaluation,1,2016-03-01,2016-03-24,0.0,0.7314377793868704,TSB
m5,FOODS_1_098_CA_3_evaluation,1,2016-03-01,2016-03-25,0.0,0.7314377793868704,TSB
m5,FOODS_1_098_CA_3_evaluation,1,2016-03-01,2016-03-26,0.0,0.7314377793868704,TSB
m5,FOODS_1_098_CA_3_evaluation,1,2016-03-01,2016-03-27,0.0,0.7314377793868704,TSB
m5,FOODS_1_098_CA_3_evaluation,1,2016-03-01,2016-03-28,0.0,0.7314377793868704,TSB
m5,FOODS_1_133_TX_3_evaluation,1,2016-03-01,2016-03-01,0.0,3.5743798279810445e-05,TSB
m5,FOODS_1_133_TX_3_evaluation,1,2016-03-01,2016-03-02,0.0,3.5743798279810445e-05,TSB
m5,FOODS_1_133_TX_3_evaluation,1,2016-03-01,2016-03-03,3.0,3.5743798279810445e-05,TSB
m5,FOODS_1_133_TX_3_evaluation,1,2016-03-01,2016-03-04,1.0,3.5743798279810445e-05,TSB
m5,FOODS_1_133_TX_3_evaluation,1,2016-03-01,2016-03-05,0.0,3.5743798279810445e-05,TSB
m5,FOODS_1_133_TX_3_evaluation,1,2016-03-01,2016-03-06,0.0,3.5743798279810445e-05,TSB
m5,FOODS_1_133_TX_3_evaluation,1,2016-03-01,2016-03-07,1.0,3.5743798279810445e-05,TSB
m5,FOODS_1_133_TX_3_evaluation,1,2016-03-01,2016-03-08,1.0,3.5743798279810445e-05,TSB
m5,FOODS_1_133_TX_3_evaluation,1,2016-03-01,2016-03-09,0.0,3.5743798279810445e-05,TSB
m5,FOODS_1_133_TX_3_evaluation,1,2016-03-01,2016-03-10,0.0,3.5743798279810445e-05,TSB
m5,FOODS_1_133_TX_3_evaluation,1,2016-03-01,2016-03-11,0.0,3.5743798279810445e-05,TSB
m5,FOODS_1_133_TX_3_evaluation,1,2016-03-01,2016-03-12,0.0,3.5743798279810445e-05,TSB
m5,FOODS_1_133_TX_3_evaluation,1,2016-03-01,2016-03-13,0.0,3.5743798279810445e-05,TSB
m5,FOODS_1_133_TX_3_evaluation,1,2016-03-01,2016-03-14,0.0,3.5743798279810445e-05,TSB
m5,FOODS_1_133_TX_3_evaluation,1,2016-03-01,2016-03-15,0.0,3.5743798279810445e-05,TSB
m5,FOODS_1_133_TX_3_evaluation,1,2016-03-01,2016-03-16,0.0,3.5743798279810445e-05,TSB
m5,FOODS_1_133_TX_3_evaluation,1,2016-03-01,2016-03-17,0.0,3.5743798279810445e-05,TSB
m5,FOODS_1_133_TX_3_evaluation,1,2016-03-01,2016-03-18,0.0,3.5743798279810445e-05,TSB
m5,FOODS_1_133_TX_3_evaluation,1,2016-03-01,2016-03-19,0.0,3.5743798279810445e-05,TSB
m5,FOODS_1_133_TX_3_evaluation,1,2016-03-01,2016-03-20,0.0,3.5743798279810445e-05,TSB
m5,FOODS_1_133_TX_3_evaluation,1,2016-03-01,2016-03-21,0.0,3.5743798279810445e-05,TSB
m5,FOODS_1_133_TX_3_evaluation,1,2016-03-01,2016-03-22,0.0,3.5743798279810445e-05,TSB
m5,FOODS_1_133_TX_3_evaluation,1,2016-03-01,2016-03-23,0.0,3.5743798279810445e-05,TSB
m5,FOODS_1_133_TX_3_evaluation,1,2016-03-01,2016-03-24,0.0,3.5743798279810445e-05,TSB
m5,FOODS_1_133_TX_3_evaluation,1,2016-03-01,2016-03-25,0.0,3.5743798279810445e-05,TSB
m5,FOODS_1_133_TX_3_evaluation,1,2016-03-01,2016-03-26,0.0,3.5743798279810445e-05,TSB
m5,FOODS_1_133_TX_3_evaluation,1,2016-03-01,2016-03-27,0.0,3.5743798279810445e-05,TSB
m5,FOODS_1_133_TX_3_evaluation,1,2016-03-01,2016-03-28,0.0,3.5743798279810445e-05,TSB
m5,FOODS_1_098_CA_3_evaluation,1,2016-03-01,2016-03-01,2.0,1.0,ARIMA
m5,FOODS_1_098_CA_3_evaluation,1,2016-03-01,2016-03-02,0.0,1.0,ARIMA
m5,FOODS_1_098_CA_3_evaluation,1,2016-03-01,2016-03-03,1.0,1.0,ARIMA
m5,FOODS_1_098_CA_3_evaluation,1,2016-03-01,2016-03-04,0.0,1.0,ARIMA
m5,FOODS_1_098_CA_3_evaluation,1,2016-03-01,2016-03-05,0.0,1.0,ARIMA
m5,FOODS_1_098_CA_3_evaluation,1,2016-03-01,2016-03-06,0.0,1.0,ARIMA
m5,FOODS_1_098_CA_3_evaluation,1,2016-03-01,2016-03-07,0.0,1.0,ARIMA
m5,FOODS_1_098_CA_3_evaluation,1,2016-03-01,2016-03-08,0.0,1.0,ARIMA
m5,FOODS_1_098_CA_3_evaluation,1,2016-03-01,2016-03-09,0.0,1.0,ARIMA
m5,FOODS_1_098_CA_3_evaluation,1,2016-03-01,2016-03-10,0.0,1.0,ARIMA
m5,FOODS_1_098_CA_3_evaluation,1,2016-03-01,2016-03-11,2.0,1.0,ARIMA
m5,FOODS_1_098_CA_3_evaluation,1,2016-03-01,2016-03-12,0.0,1.0,ARIMA
m5,FOODS_1_098_CA_3_evaluation,1,2016-03-01,2016-03-13,0.0,1.0,ARIMA
m5,FOODS_1_098_CA_3_evaluation,1,2016-03-01,2016-03-14,1.0,1.0,ARIMA
m5,FOODS_1_098_CA_3_evaluation,1,2016-03-01,2016-03-15,2.0,1.0,ARIMA
m5,FOODS_1_098_CA_3_evaluation,1,2016-03-01,2016-03-16,1.0,1.0,ARIMA
m5,FOODS_1_098_CA_3_evaluation,1,2016-03-01,2016-03-17,0.0,1.0,ARIMA
m5,FOODS_1_098_CA_3_evaluation,1,2016-03-01,2016-03-18,0.0,1.0,ARIMA
m5,FOODS_1_098_CA_3_evaluation,1,2016-03-01,2016-03-19,0.0,1.0,ARIMA
m5,FOODS_1_098_CA_3_evaluation,1,2016-03-01,2016-03-20,0.0,1.0,ARIMA
m5,FOODS_1_098_CA_3_evaluation,1,2016-03-01,2016-03-21,1.0,1.0,ARIMA
m5,FOODS_1_098_CA_3_evaluation,1,2016-03-01,2016-03-22,0.0,1.0,ARIMA
m5,FOODS_1_098_CA_3_evaluation,1,2016-03-01,2016-03-23,0.0,1.0,ARIMA
m5,FOODS_1_098_CA_3_evaluation,1,2016-03-01,2016-03-24,0.0,1.0,ARIMA
m5,FOODS_1_098_CA_3_evaluation,1,2016-03-01,2016-03-25,0.0,1.0,ARIMA
m5,FOODS_1_098_CA_3_evaluation,1,2016-03-01,2016-03-26,0.0,1.0,ARIMA
m5,FOODS_1_098_CA_3_evaluation,1,2016-03-01,2016-03-27,0.0,1.0,ARIMA
m5,FOODS_1_098_CA_3_evaluation,1,2016-03-01,2016-03-28,0.0,1.0,ARIMA
m5,FOODS_1_133_TX_3_evaluation,1,2016-03-01,2016-03-01,0.0,0.0,ARIMA
m5,FOODS_1_133_TX_3_evaluation,1,2016-03-01,2016-03-02,0.0,0.0,ARIMA
m5,FOODS_1_133_TX_3_evaluation,1,2016-03-01,2016-03-03,3.0,0.0,ARIMA
m5,FOODS_1_133_TX_3_evaluation,1,2016-03-01,2016-03-04,1.0,0.0,ARIMA
m5,FOODS_1_133_TX_3_evaluation,1,2016-03-01,2016-03-05,0.0,0.0,ARIMA
m5,FOODS_1_133_TX_3_evaluation,1,2016-03-01,2016-03-06,0.0,0.0,ARIMA
m5,FOODS_1_133_TX_3_evaluation,1,2016-03-01,2016-03-07,1.0,0.0,ARIMA
m5,FOODS_1_133_TX_3_evaluation,1,2016-03-01,2016-03-08,1.0,0.0,ARIMA
m5,FOODS_1_133_TX_3_evaluation,1,2016-03-01,2016-03-09,0.0,0.0,ARIMA
m5,FOODS_1_133_TX_3_evaluation,1,2016-03-01,2016-03-10,0.0,0.0,ARIMA
m5,FOODS_1_133_TX_3_evaluation,1,2016-03-01,2016-03-11,0.0,0.0,ARIMA
m5,FOODS_1_133_TX_3_evaluation,1,2016-03-01,2016-03-12,0.0,0.0,ARIMA
m5,FOODS_1_133_TX_3_evaluation,1,2016-03-01,2016-03-13,0.0,0.0,ARIMA
m5,FOODS_1_133_TX_3_evaluation,1,2016-03-01,2016-03-14,0.0,0.0,ARIMA
m5,FOODS_1_133_TX_3_evaluation,1,2016-03-01,2016-03-15,0.0,0.0,ARIMA
m5,FOODS_1_133_TX_3_evaluation,1,2016-03-01,2016-03-16,0.0,0.0,ARIMA
m5,FOODS_1_133_TX_3_evaluation,1,2016-03-01,2016-03-17,0.0,0.0,ARIMA
m5,FOODS_1_133_TX_3_evaluation,1,2016-03-01,2016-03-18,0.0,0.0,ARIMA
m5,FOODS_1_133_TX_3_evaluation,1,2016-03-01,2016-03-19,0.0,0.0,ARIMA
m5,FOODS_1_133_TX_3_evaluation,1,2016-03-01,2016-03-20,0.0,0.0,ARIMA
m5,FOODS_1_133_TX_3_evaluation,1,2016-03-01,2016-03-21,0.0,0.0,ARIMA
m5,FOODS_1_133_TX_3_evaluation,1,2016-03-01,2016-03-22,0.0,0.0,ARIMA
m5,FOODS_1_133_TX_3_evaluation,1,2016-03-01,2016-03-23,0.0,0.0,ARIMA
m5,FOODS_1_133_TX_3_evaluation,1,2016-03-01,2016-03-24,0.0,0.0,ARIMA
m5,FOODS_1_133_TX_3_evaluation,1,2016-03-01,2016-03-25,0.0,0.0,ARIMA
m5,FOODS_1_133_TX_3_evaluation,1,2016-03-01,2016-03-26,0.0,0.0,ARIMA
m5,FOODS_1_133_TX_3_evaluation,1,2016-03-01,2016-03-27,0.0,0.0,ARIMA
m5,FOODS_1_133_TX_3_evaluation,1,2016-03-01,2016-03-28,0.0,0.0,ARIMA
store_item_demand,store_10_item_1,1,2016-03-01,2016-03-01,19.0,16.634760019042012,ARIMA
store_item_demand,store_10_item_1,1,2016-03-01,2016-03-02,16.0,14.486659975630984,ARIMA
store_item_demand,store_10_item_1,1,2016-03-01,2016-03-03,27.0,15.482252795441369,ARIMA
store_item_demand,store_10_item_1,1,2016-03-01,2016-03-04,23.0,15.020819415791124,ARIMA
store_item_demand,store_10_item_1,1,2016-03-01,2016-03-05,37.0,15.234682713736564,ARIMA
store_item_demand,store_10_item_1,1,2016-03-01,2016-03-06,27.0,15.135562207450764,ARIMA
store_item_demand,store_10_item_1,1,2016-03-01,2016-03-07,13.0,15.181502183410826,ARIMA
store_item_demand,store_10_item_1,1,2016-03-01,2016-03-08,19.0,15.160210107025282,ARIMA
store_item_demand,store_10_item_1,1,2016-03-01,2016-03-09,28.0,15.170078473460691,ARIMA
store_item_demand,store_10_item_1,1,2016-03-01,2016-03-10,30.0,15.165504722439882,ARIMA
store_item_demand,store_10_item_1,1,2016-03-01,2016-03-11,23.0,15.167624546276713,ARIMA
store_item_demand,store_10_item_1,1,2016-03-01,2016-03-12,22.0,15.166642058800075,ARIMA
store_item_demand,store_10_item_1,1,2016-03-01,2016-03-13,27.0,15.16709741816767,ARIMA
store_item_demand,store_10_item_1,1,2016-03-01,2016-03-14,17.0,15.166886370028548,ARIMA
store_item_demand,store_10_item_1,1,2016-03-01,2016-03-15,17.0,15.166984185776275,ARIMA
store_item_demand,store_10_item_1,1,2016-03-01,2016-03-16,20.0,15.166938850524597,ARIMA
store_item_demand,store_10_item_1,1,2016-03-01,2016-03-17,21.0,15.166959862325792,ARIMA
store_item_demand,store_10_item_1,1,2016-03-01,2016-03-18,23.0,15.16695012386018,ARIMA
store_item_demand,store_10_item_1,1,2016-03-01,2016-03-19,35.0,15.166954637405286,ARIMA
store_item_demand,store_10_item_1,1,2016-03-01,2016-03-20,23.0,15.166952545485444,ARIMA
store_item_demand,store_10_item_1,1,2016-03-01,2016-03-21,24.0,15.16695351504009,ARIMA
store_item_demand,store_10_item_1,1,2016-03-01,2016-03-22,18.0,15.16695306567478,ARIMA
store_item_demand,store_10_item_1,1,2016-03-01,2016-03-23,20.0,15.166953273944818,ARIMA
store_item_demand,store_10_item_1,1,2016-03-01,2016-03-24,23.0,15.166953177416651,ARIMA
store_item_demand,store_10_item_1,1,2016-03-01,2016-03-25,23.0,15.166953222155142,ARIMA
store_item_demand,store_10_item_1,1,2016-03-01,2016-03-26,34.0,15.166953201419926,ARIMA
store_item_demand,store_10_item_1,1,2016-03-01,2016-03-27,26.0,15.1669532110302,ARIMA
store_item_demand,store_10_item_1,1,2016-03-01,2016-03-28,26.0,15.16695320657607,ARIMA
store_item_demand,store_10_item_10,1,2016-03-01,2016-03-01,76.0,70.96863577703193,ARIMA
store_item_demand,store_10_item_10,1,2016-03-01,2016-03-02,70.0,69.06960950897026,ARIMA
store_item_demand,store_10_item_10,1,2016-03-01,2016-03-03,64.0,69.79542257489447,ARIMA
store_item_demand,store_10_item_10,1,2016-03-01,2016-03-04,81.0,69.51801482360307,ARIMA
store_item_demand,store_10_item_10,1,2016-03-01,2016-03-05,91.0,69.62404082959479,ARIMA
store_item_demand,store_10_item_10,1,2016-03-01,2016-03-06,126.0,69.58351739831276,ARIMA
store_item_demand,store_10_item_10,1,2016-03-01,2016-03-07,58.0,69.59900556527245,ARIMA
store_item_demand,store_10_item_10,1,2016-03-01,2016-03-08,71.0,69.59308594523579,ARIMA
store_item_demand,store_10_item_10,1,2016-03-01,2016-03-09,75.0,69.59534844030506,ARIMA
store_item_demand,store_10_item_10,1,2016-03-01,2016-03-10,73.0,69.59448370846302,ARIMA
store_item_demand,store_10_item_10,1,2016-03-01,2016-03-11,78.0,69.59481421135285,ARIMA
store_item_demand,store_10_item_10,1,2016-03-01,2016-03-12,86.0,69.59468789223878,ARIMA
store_item_demand,store_10_item_10,1,2016-03-01,2016-03-13,92.0,69.59473617175182,ARIMA
store_item_demand,store_10_item_10,1,2016-03-01,2016-03-14,72.0,69.59471771918906,ARIMA
store_item_demand,store_10_item_10,1,2016-03-01,2016-03-15,82.0,69.59472477180933,ARIMA
store_item_demand,store_10_item_10,1,2016-03-01,2016-03-16,75.0,69.59472207627844,ARIMA
store_item_demand,store_10_item_10,1,2016-03-01,2016-03-17,90.0,69.59472310651776,ARIMA
store_item_demand,store_10_item_10,1,2016-03-01,2016-03-18,72.0,69.59472271275746,ARIMA
store_item_demand,store_10_item_10,1,2016-03-01,2016-03-19,93.0,69.59472286325374,ARIMA
store_item_demand,store_10_item_10,1,2016-03-01,2016-03-20,86.0,69.59472280573365,ARIMA
store_item_demand,store_10_item_10,1,2016-03-01,2016-03-21,63.0,69.59472282771799,ARIMA
store_item_demand,store_10_item_10,1,2016-03-01,2016-03-22,59.0,69.5947228193155,ARIMA
store_item_demand,store_10_item_10,1,2016-03-01,2016-03-23,59.0,69.59472282252696,ARIMA
store_item_demand,store_10_item_10,1,2016-03-01,2016-03-24,77.0,69.59472282129954,ARIMA
store_item_demand,store_10_item_10,1,2016-03-01,2016-03-25,96.0,69.59472282176867,ARIMA
store_item_demand,store_10_item_10,1,2016-03-01,2016-03-26,72.0,69.59472282158937,ARIMA
store_item_demand,store_10_item_10,1,2016-03-01,2016-03-27,113.0,69.5947228216579,ARIMA
store_item_demand,store_10_item_10,1,2016-03-01,2016-03-28,63.0,69.5947228216317,ARIMA
store_item_demand,store_10_item_1,1,2016-03-01,2016-03-01,19.0,14.662827076872082,SARIMA
store_item_demand,store_10_item_1,1,2016-03-01,2016-03-02,16.0,14.18157987667877,SARIMA
store_item_demand,store_10_item_1,1,2016-03-01,2016-03-03,27.0,16.787696235037227,SARIMA
store_item_demand,store_10_item_1,1,2016-03-01,2016-03-04,23.0,18.0603499507881,SARIMA
store_item_demand,store_10_item_1,1,2016-03-01,2016-03-05,37.0,18.97682557249471,SARIMA
store_item_demand,store_10_item_1,1,2016-03-01,2016-03-06,27.0,21.843647747246827,SARIMA
store_item_demand,store_10_item_1,1,2016-03-01,2016-03-07,13.0,11.818614999091132,SARIMA
store_item_demand,store_10_item_1,1,2016-03-01,2016-03-08,19.0,14.493884937714135,SARIMA
store_item_demand,store_10_item_1,1,2016-03-01,2016-03-09,28.0,14.00645284692912,SARIMA
store_item_demand,store_10_item_1,1,2016-03-01,2016-03-10,30.0,16.615643487747437,SARIMA
store_item_demand,store_10_item_1,1,2016-03-01,2016-03-11,23.0,17.886769090348547,SARIMA
store_item_demand,store_10_item_1,1,2016-03-01,2016-03-12,22.0,18.804004281102227,SARIMA
store_item_demand,store_10_item_1,1,2016-03-01,2016-03-13,27.0,21.67044890191643,SARIMA
store_item_demand,store_10_item_1,1,2016-03-01,2016-03-14,17.0,11.645603821987324,SARIMA
store_item_demand,store_10_item_1,1,2016-03-01,2016-03-15,17.0,14.320780477612235,SARIMA
store_item_demand,store_10_item_1,1,2016-03-01,2016-03-16,20.0,13.8333947543871,SARIMA
store_item_demand,store_10_item_1,1,2016-03-01,2016-03-17,21.0,16.442562347590602,SARIMA
store_item_demand,store_10_item_1,1,2016-03-01,2016-03-18,23.0,17.713699406316426,SARIMA
store_item_demand,store_10_item_1,1,2016-03-01,2016-03-19,35.0,18.63092890265033,SARIMA
store_item_demand,store_10_item_1,1,2016-03-01,2016-03-20,23.0,21.497376353951925,SARIMA
store_item_demand,store_10_item_1,1,2016-03-01,2016-03-21,24.0,11.472529867091266,SARIMA
store_item_demand,store_10_item_1,1,2016-03-01,2016-03-22,18.0,14.147707222050292,SARIMA
store_item_demand,store_10_item_1,1,2016-03-01,2016-03-23,20.0,13.660321151211791,SARIMA
store_item_demand,store_10_item_1,1,2016-03-01,2016-03-24,23.0,16.26948891720116,SARIMA
store_item_demand,store_10_item_1,1,2016-03-01,2016-03-25,23.0,17.540625890041465,SARIMA
store_item_demand,store_10_item_1,1,2016-03-01,2016-03-26,34.0,18.45785542906592,SARIMA
store_item_demand,store_10_item_1,1,2016-03-01,2016-03-27,26.0,21.324302859147604,SARIMA
store_item_demand,store_10_item_1,1,2016-03-01,2016-03-28,26.0,11.29945638283458,SARIMA
store_item_demand,store_10_item_10,1,2016-03-01,2016-03-01,76.0,66.72382940304014,SARIMA
store_item_demand,store_10_item_10,1,2016-03-01,2016-03-02,70.0,70.36266211235669,SARIMA
store_item_demand,store_10_item_10,1,2016-03-01,2016-03-03,64.0,74.28757104492811,SARIMA
store_item_demand,store_10_item_10,1,2016-03-01,2016-03-04,81.0,80.53736937826322,SARIMA
store_item_demand,store_10_item_10,1,2016-03-01,2016-03-05,91.0,83.58909630189076,SARIMA
store_item_demand,store_10_item_10,1,2016-03-01,2016-03-06,126.0,90.58999525593056,SARIMA
store_item_demand,store_10_item_10,1,2016-03-01,2016-03-07,58.0,60.462805463218814,SARIMA
store_item_demand,store_10_item_10,1,2016-03-01,2016-03-08,71.0,69.2765697656784,SARIMA
store_item_demand,store_10_item_10,1,2016-03-01,2016-03-09,75.0,69.094165747374,SARIMA
store_item_demand,store_10_item_10,1,2016-03-01,2016-03-10,73.0,74.82401505462846,SARIMA
store_item_demand,store_10_item_10,1,2016-03-01,2016-03-11,78.0,80.22125962372999,SARIMA
store_item_demand,store_10_item_10,1,2016-03-01,2016-03-12,86.0,83.67568567864409,SARIMA
store_item_demand,store_10_item_10,1,2016-03-01,2016-03-13,92.0,90.48637188934477,SARIMA
store_item_demand,store_10_item_10,1,2016-03-01,2016-03-14,72.0,60.449028050889225,SARIMA
store_item_demand,store_10_item_10,1,2016-03-01,2016-03-15,82.0,69.22035410576088,SARIMA
store_item_demand,store_10_item_10,1,2016-03-01,2016-03-16,75.0,69.05799556277306,SARIMA
store_item_demand,store_10_item_10,1,2016-03-01,2016-03-17,90.0,74.778376498841,SARIMA
store_item_demand,store_10_item_10,1,2016-03-01,2016-03-18,72.0,80.18009340154946,SARIMA
store_item_demand,store_10_item_10,1,2016-03-01,2016-03-19,93.0,83.63240697402091,SARIMA
store_item_demand,store_10_item_10,1,2016-03-01,2016-03-20,86.0,90.4440910043081,SARIMA
store_item_demand,store_10_item_10,1,2016-03-01,2016-03-21,63.0,60.40627585120061,SARIMA
store_item_demand,store_10_item_10,1,2016-03-01,2016-03-22,59.0,69.17782452898341,SARIMA
store_item_demand,store_10_item_10,1,2016-03-01,2016-03-23,59.0,69.01536083127493,SARIMA
store_item_demand,store_10_item_10,1,2016-03-01,2016-03-24,77.0,74.73579143660297,SARIMA
store_item_demand,store_10_item_10,1,2016-03-01,2016-03-25,96.0,80.13748487830671,SARIMA
store_item_demand,store_10_item_10,1,2016-03-01,2016-03-26,72.0,83.58980953245607,SARIMA
store_item_demand,store_10_item_10,1,2016-03-01,2016-03-27,113.0,90.401488328373,SARIMA
store_item_demand,store_10_item_10,1,2016-03-01,2016-03-28,63.0,60.36367564769183,SARIMA
m5,FOODS_1_098_CA_3_evaluation,1,2016-03-01,2016-03-01,2.0,0.318019635390885,LSTM
m5,FOODS_1_098_CA_3_evaluation,1,2016-03-01,2016-03-02,0.0,0.3063593198173435,LSTM
m5,FOODS_1_098_CA_3_evaluation,1,2016-03-01,2016-03-03,1.0,0.3185304238774407,LSTM
m5,FOODS_1_098_CA_3_evaluation,1,2016-03-01,2016-03-04,0.0,0.3351591822196578,LSTM
m5,FOODS_1_098_CA_3_evaluation,1,2016-03-01,2016-03-05,0.0,0.2803936618391115,LSTM
m5,FOODS_1_098_CA_3_evaluation,1,2016-03-01,2016-03-06,0.0,0.2938659309409132,LSTM
m5,FOODS_1_098_CA_3_evaluation,1,2016-03-01,2016-03-07,0.0,0.2859137328106133,LSTM
m5,FOODS_1_098_CA_3_evaluation,1,2016-03-01,2016-03-08,0.0,0.2961651455650943,LSTM
m5,FOODS_1_098_CA_3_evaluation,1,2016-03-01,2016-03-09,0.0,0.2848408179030043,LSTM
m5,FOODS_1_098_CA_3_evaluation,1,2016-03-01,2016-03-10,0.0,0.3068065199521264,LSTM
m5,FOODS_1_098_CA_3_evaluation,1,2016-03-01,2016-03-11,2.0,0.285739111948232,LSTM
m5,FOODS_1_098_CA_3_evaluation,1,2016-03-01,2016-03-12,0.0,0.2739206491785716,LSTM
m5,FOODS_1_098_CA_3_evaluation,1,2016-03-01,2016-03-13,0.0,0.2490622162619551,LSTM
m5,FOODS_1_098_CA_3_evaluation,1,2016-03-01,2016-03-14,1.0,0.2795577131326568,LSTM
m5,FOODS_1_098_CA_3_evaluation,1,2016-03-01,2016-03-15,2.0,0.2720076971000628,LSTM
m5,FOODS_1_098_CA_3_evaluation,1,2016-03-01,2016-03-16,1.0,0.2988453811138641,LSTM
m5,FOODS_1_098_CA_3_evaluation,1,2016-03-01,2016-03-17,0.0,0.2931721949024836,LSTM
m5,FOODS_1_098_CA_3_evaluation,1,2016-03-01,2016-03-18,0.0,0.2729335021679487,LSTM
m5,FOODS_1_098_CA_3_evaluation,1,2016-03-01,2016-03-19,0.0,0.2473916292543165,LSTM
m5,FOODS_1_098_CA_3_evaluation,1,2016-03-01,2016-03-20,0.0,0.2569185226785476,LSTM
m5,FOODS_1_098_CA_3_evaluation,1,2016-03-01,2016-03-21,1.0,0.2905194703763719,LSTM
m5,FOODS_1_098_CA_3_evaluation,1,2016-03-01,2016-03-22,0.0,0.2801540298992347,LSTM
m5,FOODS_1_098_CA_3_evaluation,1,2016-03-01,2016-03-23,0.0,0.288579201963988,LSTM
m5,FOODS_1_098_CA_3_evaluation,1,2016-03-01,2016-03-24,0.0,0.2921528793144683,LSTM
m5,FOODS_1_098_CA_3_evaluation,1,2016-03-01,2016-03-25,0.0,0.2674775736624485,LSTM
m5,FOODS_1_098_CA_3_evaluation,1,2016-03-01,2016-03-26,0.0,0.2458832329790613,LSTM
m5,FOODS_1_098_CA_3_evaluation,1,2016-03-01,2016-03-27,0.0,0.2613248240501097,LSTM
m5,FOODS_1_098_CA_3_evaluation,1,2016-03-01,2016-03-28,0.0,0.2929350489886064,LSTM
m5,FOODS_1_133_TX_3_evaluation,1,2016-03-01,2016-03-01,0.0,0.0284002775294493,LSTM
m5,FOODS_1_133_TX_3_evaluation,1,2016-03-01,2016-03-02,0.0,0.0384692871672933,LSTM
m5,FOODS_1_133_TX_3_evaluation,1,2016-03-01,2016-03-03,3.0,0.0479363596873138,LSTM
m5,FOODS_1_133_TX_3_evaluation,1,2016-03-01,2016-03-04,1.0,0.0444963634679334,LSTM
m5,FOODS_1_133_TX_3_evaluation,1,2016-03-01,2016-03-05,0.0,0.0422545819695128,LSTM
m5,FOODS_1_133_TX_3_evaluation,1,2016-03-01,2016-03-06,0.0,0.0583467301131392,LSTM
m5,FOODS_1_133_TX_3_evaluation,1,2016-03-01,2016-03-07,1.0,0.0580323543003075,LSTM
m5,FOODS_1_133_TX_3_evaluation,1,2016-03-01,2016-03-08,1.0,0.0411069619461175,LSTM
m5,FOODS_1_133_TX_3_evaluation,1,2016-03-01,2016-03-09,0.0,0.0667963514475685,LSTM
m5,FOODS_1_133_TX_3_evaluation,1,2016-03-01,2016-03-10,0.0,0.0564812211077581,LSTM
m5,FOODS_1_133_TX_3_evaluation,1,2016-03-01,2016-03-11,0.0,0.0527520952841353,LSTM
m5,FOODS_1_133_TX_3_evaluation,1,2016-03-01,2016-03-12,0.0,0.0708383529716963,LSTM
m5,FOODS_1_133_TX_3_evaluation,1,2016-03-01,2016-03-13,0.0,0.0492751417519787,LSTM
m5,FOODS_1_133_TX_3_evaluation,1,2016-03-01,2016-03-14,0.0,0.0674841529493651,LSTM
m5,FOODS_1_133_TX_3_evaluation,1,2016-03-01,2016-03-15,0.0,0.08456671616324,LSTM
m5,FOODS_1_133_TX_3_evaluation,1,2016-03-01,2016-03-16,0.0,0.0928111971369917,LSTM
m5,FOODS_1_133_TX_3_evaluation,1,2016-03-01,2016-03-17,0.0,0.0686280738321366,LSTM
m5,FOODS_1_133_TX_3_evaluation,1,2016-03-01,2016-03-18,0.0,0.0804870754570966,LSTM
m5,FOODS_1_133_TX_3_evaluation,1,2016-03-01,2016-03-19,0.0,0.0600163210393057,LSTM
m5,FOODS_1_133_TX_3_evaluation,1,2016-03-01,2016-03-20,0.0,0.0735174172133529,LSTM
m5,FOODS_1_133_TX_3_evaluation,1,2016-03-01,2016-03-21,0.0,0.0800983588504378,LSTM
m5,FOODS_1_133_TX_3_evaluation,1,2016-03-01,2016-03-22,0.0,0.0841549097594616,LSTM
m5,FOODS_1_133_TX_3_evaluation,1,2016-03-01,2016-03-23,0.0,0.0895281160763314,LSTM
m5,FOODS_1_133_TX_3_evaluation,1,2016-03-01,2016-03-24,0.0,0.0827643482494286,LSTM
m5,FOODS_1_133_TX_3_evaluation,1,2016-03-01,2016-03-25,0.0,0.1063158134609873,LSTM
m5,FOODS_1_133_TX_3_evaluation,1,2016-03-01,2016-03-26,0.0,0.0758267549066684,LSTM
m5,FOODS_1_133_TX_3_evaluation,1,2016-03-01,2016-03-27,0.0,0.0772608111508104,LSTM
m5,FOODS_1_133_TX_3_evaluation,1,2016-03-01,2016-03-28,0.0,0.0791852507052079,LSTM
store_item_demand,store_10_item_1,1,2016-03-01,2016-03-01,19.0,17.700000937015748,LSTM
store_item_demand,store_10_item_1,1,2016-03-01,2016-03-02,16.0,18.10636267306912,LSTM
store_item_demand,store_10_item_1,1,2016-03-01,2016-03-03,27.0,19.24715422319588,LSTM
store_item_demand,store_10_item_1,1,2016-03-01,2016-03-04,23.0,20.610028945200305,LSTM
store_item_demand,store_10_item_1,1,2016-03-01,2016-03-05,37.0,22.41313696495891,LSTM
store_item_demand,store_10_item_1,1,2016-03-01,2016-03-06,27.0,23.896368531337323,LSTM
store_item_demand,store_10_item_1,1,2016-03-01,2016-03-07,13.0,14.5051410470385,LSTM
store_item_demand,store_10_item_1,1,2016-03-01,2016-03-08,19.0,18.126106992212183,LSTM
store_item_demand,store_10_item_1,1,2016-03-01,2016-03-09,28.0,18.45817125645632,LSTM
store_item_demand,store_10_item_1,1,2016-03-01,2016-03-10,30.0,19.54561412467595,LSTM
store_item_demand,store_10_item_1,1,2016-03-01,2016-03-11,23.0,21.403392510698083,LSTM
store_item_demand,store_10_item_1,1,2016-03-01,2016-03-12,22.0,22.53861177228698,LSTM
store_item_demand,store_10_item_1,1,2016-03-01,2016-03-13,27.0,24.18689745276591,LSTM
store_item_demand,store_10_item_1,1,2016-03-01,2016-03-14,17.0,14.884156293709104,LSTM
store_item_demand,store_10_item_1,1,2016-03-01,2016-03-15,17.0,18.4969734359859,LSTM
store_item_demand,store_10_item_1,1,2016-03-01,2016-03-16,20.0,18.51417772664274,LSTM
store_item_demand,store_10_item_1,1,2016-03-01,2016-03-17,21.0,19.44488296573884,LSTM
store_item_demand,store_10_item_1,1,2016-03-01,2016-03-18,23.0,21.105380926649097,LSTM
store_item_demand,store_10_item_1,1,2016-03-01,2016-03-19,35.0,22.93816157404033,LSTM
store_item_demand,store_10_item_1,1,2016-03-01,2016-03-20,23.0,24.34252269972552,LSTM
store_item_demand,store_10_item_1,1,2016-03-01,2016-03-21,24.0,15.047170803824311,LSTM
store_item_demand,store_10_item_1,1,2016-03-01,2016-03-22,18.0,18.573244203622387,LSTM
store_item_demand,store_10_item_1,1,2016-03-01,2016-03-23,20.0,18.698469399515268,LSTM
store_item_demand,store_10_item_1,1,2016-03-01,2016-03-24,23.0,19.805379774896885,LSTM
store_item_demand,store_10_item_1,1,2016-03-01,2016-03-25,23.0,21.6483711139549,LSTM
store_item_demand,store_10_item_1,1,2016-03-01,2016-03-26,34.0,22.96940440507314,LSTM
store_item_demand,store_10_item_1,1,2016-03-01,2016-03-27,26.0,24.53160636595799,LSTM
store_item_demand,store_10_item_1,1,2016-03-01,2016-03-28,26.0,15.045313738442156,LSTM
store_item_demand,store_10_item_10,1,2016-03-01,2016-03-01,76.0,66.76480058734195,LSTM
store_item_demand,store_10_item_10,1,2016-03-01,2016-03-02,70.0,68.2612574444592,LSTM
store_item_demand,store_10_item_10,1,2016-03-01,2016-03-03,64.0,71.22937002449227,LSTM
store_item_demand,store_10_item_10,1,2016-03-01,2016-03-04,81.0,75.47386779324135,LSTM
store_item_demand,store_10_item_10,1,2016-03-01,2016-03-05,91.0,80.74476228993116,LSTM
store_item_demand,store_10_item_10,1,2016-03-01,2016-03-06,126.0,84.76934888377166,LSTM
store_item_demand,store_10_item_10,1,2016-03-01,2016-03-07,58.0,56.73244785240601,LSTM
store_item_demand,store_10_item_10,1,2016-03-01,2016-03-08,71.0,67.70203598954572,LSTM
store_item_demand,store_10_item_10,1,2016-03-01,2016-03-09,75.0,67.57867631922751,LSTM
store_item_demand,store_10_item_10,1,2016-03-01,2016-03-10,73.0,70.61698955829033,LSTM
store_item_demand,store_10_item_10,1,2016-03-01,2016-03-11,78.0,76.96040684280729,LSTM
store_item_demand,store_10_item_10,1,2016-03-01,2016-03-12,86.0,80.11511928171846,LSTM
store_item_demand,store_10_item_10,1,2016-03-01,2016-03-13,92.0,83.42544195428853,LSTM
store_item_demand,store_10_item_10,1,2016-03-01,2016-03-14,72.0,56.37016514362311,LSTM
store_item_demand,store_10_item_10,1,2016-03-01,2016-03-15,82.0,66.20250387002088,LSTM
store_item_demand,store_10_item_10,1,2016-03-01,2016-03-16,75.0,66.34609262335918,LSTM
store_item_demand,store_10_item_10,1,2016-03-01,2016-03-17,90.0,69.28310225481084,LSTM
store_item_demand,store_10_item_10,1,2016-03-01,2016-03-18,72.0,74.59626320174927,LSTM
store_item_demand,store_10_item_10,1,2016-03-01,2016-03-19,93.0,79.59177818920887,LSTM
store_item_demand,store_10_item_10,1,2016-03-01,2016-03-20,86.0,82.45587545437499,LSTM
store_item_demand,store_10_item_10,1,2016-03-01,2016-03-21,63.0,55.72491457468411,LSTM
store_item_demand,store_10_item_10,1,2016-03-01,2016-03-22,59.0,65.99542354584207,LSTM
store_item_demand,store_10_item_10,1,2016-03-01,2016-03-23,59.0,65.97001495239961,LSTM
store_item_demand,store_10_item_10,1,2016-03-01,2016-03-24,77.0,69.42961152951904,LSTM
store_item_demand,store_10_item_10,1,2016-03-01,2016-03-25,96.0,75.5864580050553,LSTM
store_item_demand,store_10_item_10,1,2016-03-01,2016-03-26,72.0,79.07358209239204,LSTM
store_item_demand,store_10_item_10,1,2016-03-01,2016-03-27,113.0,82.57452443934795,LSTM
store_item_demand,store_10_item_10,1,2016-03-01,2016-03-28,63.0,56.24181176717688,LSTM
