dataset,model,lead_time,service_target,z,P,H,total_cost,holding_cost,shortage_cost,service_level,stockout_rate,avg_inventory,reorder_count,n_instances
m5,ARIMA,3,0.9,1.2816,3,1,96.94983135438122,72.87132030785617,24.07851104652504,0.8543839285714284,0.1456160714285714,2.602547153852006,12.11025,4000
m5,CROSTON,3,0.9,1.2816,3,1,90.2323488399742,70.41711614918395,19.815232690790232,0.8850982142857142,0.1149017857142857,2.514897005327998,11.5425,4000
m5,DES,3,0.9,1.2816,3,1,131.56916472867343,108.05692938543665,23.512235343236817,0.8656428571428572,0.1343571428571428,3.85917604947988,17.35575,4000
m5,LSTM,3,0.9,1.2816,3,1,82.33910003162444,60.8362151735836,21.502884858040847,0.8690714285714286,0.1309285714285714,2.172721970485129,16.74375,4000
m5,Moving Average,3,0.9,1.2816,3,1,83.67703575071671,62.9446672396808,20.7323685110359,0.8792857142857142,0.1207142857142857,2.2480238299886,11.422,4000
m5,Naive,3,0.9,1.2816,3,1,100.4463359694503,71.09399830693252,29.35233766251777,0.8382142857142857,0.1617857142857142,2.5390713681047328,10.62625,4000
m5,SBA,3,0.9,1.2816,3,1,86.30125330204106,60.091721134053614,26.20953216798744,0.8580803571428571,0.1419196428571428,2.146132897644772,11.38325,4000
m5,SES,3,0.9,1.2816,3,1,83.7718007363986,63.77897417487124,19.992826561527348,0.8825892857142855,0.1174107142857142,2.2778205062454013,11.47975,4000
m5,Seasonal Naive,3,0.9,1.2816,3,1,113.21620660535136,94.95293834311384,18.263268262237546,0.9040803571428572,0.0959196428571428,3.3911763693969226,10.03575,4000
m5,TES,3,0.9,1.2816,3,1,171.0538497318714,143.61962692392024,27.434222807951176,0.8549017857142857,0.1450982142857143,5.129272390140009,14.9285,4000
m5,TSB,3,0.9,1.2816,3,1,85.68584763021387,65.70430657952677,19.98154105068711,0.8820357142857144,0.1179642857142857,2.346582377840241,11.398,4000
store_item_demand,ARIMA,3,0.9,1.2816,3,1,1444.8590707591227,192.43435840746503,1252.424712351658,0.2729017857142857,0.7270982142857143,6.872655657409466,26.41725,4000
store_item_demand,DES,3,0.9,1.2816,3,1,1236.5385941158622,454.8012392372575,781.7373548786048,0.4919196428571428,0.5080803571428572,16.242901401330624,26.29225,4000
store_item_demand,LSTM,3,0.9,1.2816,3,1,1386.465236666787,201.54602608664945,1184.9192105801376,0.3066607142857142,0.6933392857142857,7.198072360237479,26.0205,4000
store_item_demand,Moving Average,3,0.9,1.2816,3,1,1234.8625218896093,232.7615003171604,1002.101021572449,0.3405446428571428,0.6594553571428571,8.312910725612873,26.27075,4000
store_item_demand,Naive,3,0.9,1.2816,3,1,1783.8521841594247,134.95168958322918,1648.9004945761951,0.2179464285714286,0.7820535714285715,4.819703199401041,26.1595,4000
store_item_demand,SARIMA,3,0.9,1.2816,3,1,1327.4662086726337,224.97043161236564,1102.4957770602678,0.3350625,0.6649375,8.0346582718702,26.0275,4000
store_item_demand,SES,3,0.9,1.2816,3,1,1299.968066470739,207.7567941971916,1092.2112722735476,0.3055267857142857,0.6944732142857143,7.419885507042557,26.31925,4000
store_item_demand,Seasonal Naive,3,0.9,1.2816,3,1,1280.3480013322214,247.43076378664043,1032.917237545581,0.3820178571428571,0.6179821428571428,8.836812992380015,26.08825,4000
store_item_demand,TES,3,0.9,1.2816,3,1,1510.522550912435,601.7317994544374,908.7907514579975,0.4991428571428571,0.5008571428571428,21.49042140908705,26.047,4000
m5,ARIMA,3,0.9,1.2816,5,1,113.00217205206458,72.87132030785617,40.13085174420841,0.8543839285714284,0.1456160714285714,2.602547153852006,12.11025,4000
m5,CROSTON,3,0.9,1.2816,5,1,103.44250396716768,70.41711614918395,33.02538781798372,0.8850982142857142,0.1149017857142857,2.514897005327998,11.5425,4000
m5,DES,3,0.9,1.2816,5,1,147.24398829083134,108.05692938543665,39.18705890539469,0.8656428571428572,0.1343571428571428,3.85917604947988,17.35575,4000
m5,LSTM,3,0.9,1.2816,5,1,96.67435660365167,60.8362151735836,35.83814143006808,0.8690714285714286,0.1309285714285714,2.172721970485129,16.74375,4000
m5,Moving Average,3,0.9,1.2816,5,1,97.49861475807396,62.9446672396808,34.553947518393166,0.8792857142857142,0.1207142857142857,2.2480238299886,11.422,4000
m5,Naive,3,0.9,1.2816,5,1,120.01456107779548,71.09399830693252,48.92056277086295,0.8382142857142857,0.1617857142857142,2.5390713681047328,10.62625,4000
m5,SBA,3,0.9,1.2816,5,1,103.77427474736602,60.091721134053614,43.6825536133124,0.8580803571428571,0.1419196428571428,2.146132897644772,11.38325,4000
m5,SES,3,0.9,1.2816,5,1,97.10035177741683,63.77897417487124,33.32137760254559,0.8825892857142855,0.1174107142857142,2.2778205062454013,11.47975,4000
m5,Seasonal Naive,3,0.9,1.2816,5,1,125.39171878017642,94.95293834311384,30.438780437062583,0.9040803571428572,0.0959196428571428,3.3911763693969226,10.03575,4000
m5,TES,3,0.9,1.2816,5,1,189.3433316038389,143.61962692392024,45.72370467991863,0.8549017857142857,0.1450982142857143,5.129272390140009,14.9285,4000
m5,TSB,3,0.9,1.2816,5,1,99.0068749973386,65.70430657952677,33.30256841781184,0.8820357142857144,0.1179642857142857,2.346582377840241,11.398,4000
store_item_demand,ARIMA,3,0.9,1.2816,5,1,2279.8088789935614,192.43435840746503,2087.374520586097,0.2729017857142857,0.7270982142857143,6.872655657409466,26.41725,4000
store_item_demand,DES,3,0.9,1.2816,5,1,1757.6968307015989,454.8012392372575,1302.8955914643414,0.4919196428571428,0.5080803571428572,16.242901401330624,26.29225,4000
store_item_demand,LSTM,3,0.9,1.2816,5,1,2176.411377053545,201.54602608664945,1974.865350966896,0.3066607142857142,0.6933392857142857,7.198072360237479,26.0205,4000
store_item_demand,Moving Average,3,0.9,1.2816,5,1,1902.9298696045755,232.7615003171604,1670.1683692874149,0.3405446428571428,0.6594553571428571,8.312910725612873,26.27075,4000
store_item_demand,Naive,3,0.9,1.2816,5,1,2883.119180543555,134.95168958322918,2748.1674909603253,0.2179464285714286,0.7820535714285715,4.819703199401041,26.1595,4000
store_item_demand,SARIMA,3,0.9,1.2816,5,1,2062.4633933794785,224.97043161236564,1837.492961767113,0.3350625,0.6649375,8.0346582718702,26.0275,4000
store_item_demand,SES,3,0.9,1.2816,5,1,2028.108914653104,207.7567941971916,1820.3521204559124,0.3055267857142857,0.6944732142857143,7.419885507042557,26.31925,4000
store_item_demand,Seasonal Naive,3,0.9,1.2816,5,1,1968.9594930292756,247.43076378664043,1721.5287292426349,0.3820178571428571,0.6179821428571428,8.836812992380015,26.08825,4000
store_item_demand,TES,3,0.9,1.2816,5,1,2116.383051884434,601.7317994544374,1514.6512524299962,0.4991428571428571,0.5008571428571428,21.49042140908705,26.047,4000
m5,ARIMA,3,0.9,1.2816,10,1,153.13302379627297,72.87132030785617,80.26170348841681,0.8543839285714284,0.1456160714285714,2.602547153852006,12.11025,4000
m5,CROSTON,3,0.9,1.2816,10,1,136.46789178515138,70.41711614918395,66.05077563596744,0.8850982142857142,0.1149017857142857,2.514897005327998,11.5425,4000
m5,DES,3,0.9,1.2816,10,1,186.431047196226,108.05692938543665,78.37411781078939,0.8656428571428572,0.1343571428571428,3.85917604947988,17.35575,4000
m5,LSTM,3,0.9,1.2816,10,1,132.51249803371977,60.8362151735836,71.67628286013615,0.8690714285714286,0.1309285714285714,2.172721970485129,16.74375,4000
m5,Moving Average,3,0.9,1.2816,10,1,132.0525622764671,62.9446672396808,69.10789503678633,0.8792857142857142,0.1207142857142857,2.2480238299886,11.422,4000
m5,Naive,3,0.9,1.2816,10,1,168.93512384865844,71.09399830693252,97.8411255417259,0.8382142857142857,0.1617857142857142,2.5390713681047328,10.62625,4000
m5,SBA,3,0.9,1.2816,10,1,147.45682836067843,60.091721134053614,87.3651072266248,0.8580803571428571,0.1419196428571428,2.146132897644772,11.38325,4000
m5,SES,3,0.9,1.2816,10,1,130.4217293799624,63.77897417487124,66.64275520509118,0.8825892857142855,0.1174107142857142,2.2778205062454013,11.47975,4000
m5,Seasonal Naive,3,0.9,1.2816,10,1,155.83049921723898,94.95293834311384,60.877560874125166,0.9040803571428572,0.0959196428571428,3.3911763693969226,10.03575,4000
m5,TES,3,0.9,1.2816,10,1,235.0670362837575,143.61962692392024,91.44740935983728,0.8549017857142857,0.1450982142857143,5.129272390140009,14.9285,4000
m5,TSB,3,0.9,1.2816,10,1,132.30944341515044,65.70430657952677,66.60513683562368,0.8820357142857144,0.1179642857142857,2.346582377840241,11.398,4000
store_item_demand,ARIMA,3,0.9,1.2816,10,1,4367.183399579658,192.43435840746503,4174.749041172194,0.2729017857142857,0.7270982142857143,6.872655657409466,26.41725,4000
store_item_demand,DES,3,0.9,1.2816,10,1,3060.5924221659407,454.8012392372575,2605.7911829286827,0.4919196428571428,0.5080803571428572,16.242901401330624,26.29225,4000
store_item_demand,LSTM,3,0.9,1.2816,10,1,4151.276728020442,201.54602608664945,3949.730701933792,0.3066607142857142,0.6933392857142857,7.198072360237479,26.0205,4000
store_item_demand,Moving Average,3,0.9,1.2816,10,1,3573.09823889199,232.7615003171604,3340.3367385748297,0.3405446428571428,0.6594553571428571,8.312910725612873,26.27075,4000
store_item_demand,Naive,3,0.9,1.2816,10,1,5631.286671503881,134.95168958322918,5496.3349819206505,0.2179464285714286,0.7820535714285715,4.819703199401041,26.1595,4000
store_item_demand,SARIMA,3,0.9,1.2816,10,1,3899.956355146592,224.97043161236564,3674.985923534226,0.3350625,0.6649375,8.0346582718702,26.0275,4000
store_item_demand,SES,3,0.9,1.2816,10,1,3848.461035109016,207.7567941971916,3640.704240911825,0.3055267857142857,0.6944732142857143,7.419885507042557,26.31925,4000
store_item_demand,Seasonal Naive,3,0.9,1.2816,10,1,3690.4882222719098,247.43076378664043,3443.0574584852698,0.3820178571428571,0.6179821428571428,8.836812992380015,26.08825,4000
store_item_demand,TES,3,0.9,1.2816,10,1,3631.034304314429,601.7317994544374,3029.3025048599925,0.4991428571428571,0.5008571428571428,21.49042140908705,26.047,4000
m5,ARIMA,3,0.95,1.6449,3,1,104.3123972463334,85.20309734798748,19.109299898345892,0.8813928571428571,0.1186071428571428,3.042967762428125,12.40175,4000
m5,CROSTON,3,0.95,1.6449,3,1,98.46410142227928,83.30017200906396,15.16392941321533,0.910375,0.089625,2.975006143180855,11.7595,4000
m5,DES,3,0.95,1.6449,3,1,142.10095239887534,123.11471815262952,18.986234246245825,0.8905267857142858,0.1094732142857142,4.396954219736768,17.688,4000
m5,LSTM,3,0.95,1.6449,3,1,89.94830930863328,73.31423196420702,16.634077344426256,0.8973035714285713,0.1026964285714285,2.618365427293108,16.968,4000
m5,Moving Average,3,0.95,1.6449,3,1,91.57371238737552,75.6119964306569,15.961715956718589,0.9043928571428572,0.0956071428571428,2.7004284439520325,11.655,4000
m5,Naive,3,0.95,1.6449,3,1,106.52680118845647,82.68957640240755,23.83722478604892,0.8654553571428572,0.1345446428571428,2.953199157228841,11.018,4000
m5,SBA,3,0.95,1.6449,3,1,92.78771899041828,71.99494704533905,20.792771945079227,0.8858571428571429,0.1141428571428571,2.571248108762109,11.6425,4000
m5,SES,3,0.95,1.6449,3,1,91.92506712620477,76.59591899381354,15.329148132391223,0.9088303571428572,0.0911696428571428,2.73556853549334,11.70825,4000
m5,Seasonal Naive,3,0.95,1.6449,3,1,127.6544231733632,113.65413201958796,14.00029115377524,0.9257767857142856,0.0742232142857143,4.059076143556712,10.242,4000
m5,TES,3,0.95,1.6449,3,1,183.81127728990745,161.1138562205016,22.697421069405863,0.87925,0.12075,5.754066293589342,15.26225,4000
m5,TSB,3,0.95,1.6449,3,1,93.91911427056756,78.54819009837065,15.37092417219688,0.9079821428571428,0.0920178571428571,2.805292503513238,11.644,4000
store_item_demand,ARIMA,3,0.95,1.6449,3,1,1324.9974920473048,201.9997971824819,1122.997694864823,0.30125,0.6987500000000001,7.214278470802925,26.47625,4000
store_item_demand,DES,3,0.95,1.6449,3,1,1188.7307215551073,509.4911295748024,679.239591980305,0.5319642857142858,0.4680357142857143,18.196111770528653,26.353,4000
store_item_demand,LSTM,3,0.95,1.6449,3,1,1293.749280387357,205.20176156045665,1088.5475188269002,0.3222857142857143,0.6777142857142857,7.32863434144488,26.20425,4000
store_item_demand,Moving Average,3,0.95,1.6449,3,1,1129.133461533836,248.57445498860756,880.5590065452284,0.3811428571428571,0.6188571428571429,8.877659106735983,26.3535,4000
store_item_demand,Naive,3,0.95,1.6449,3,1,1652.2320016473714,138.9608542774953,1513.2711473698762,0.2325892857142857,0.7674107142857143,4.962887652767689,26.19575,4000
store_item_demand,SARIMA,3,0.95,1.6449,3,1,1242.0325452605157,232.38721228122608,1009.6453329792896,0.3557946428571429,0.6442053571428571,8.299543295758074,26.19275,4000
store_item_demand,SES,3,0.95,1.6449,3,1,1183.1056944969948,217.94013071188704,965.1655637851078,0.3395089285714285,0.6604910714285713,7.783576096853108,26.394,4000
store_item_demand,Seasonal Naive,3,0.95,1.6449,3,1,1182.529664963827,263.42035975772177,919.1093052061052,0.4159821428571429,0.5840178571428571,9.407869991347203,26.26875,4000
store_item_demand,TES,3,0.95,1.6449,3,1,1481.789609800583,662.5812690813963,819.2083407191867,0.5231339285714286,0.4768660714285714,23.66361675290701,26.22625,4000
m5,ARIMA,3,0.95,1.6449,5,1,117.05193051189733,85.20309734798748,31.848833163909823,0.8813928571428571,0.1186071428571428,3.042967762428125,12.40175,4000
m5,CROSTON,3,0.95,1.6449,5,1,108.57338769775616,83.30017200906396,25.27321568869222,0.910375,0.089625,2.975006143180855,11.7595,4000
m5,DES,3,0.95,1.6449,5,1,154.75844189637257,123.11471815262952,31.64372374374304,0.8905267857142858,0.1094732142857142,4.396954219736768,17.688,4000
m5,LSTM,3,0.95,1.6449,5,1,101.03769420491744,73.31423196420702,27.723462240710425,0.8973035714285713,0.1026964285714285,2.618365427293108,16.968,4000
m5,Moving Average,3,0.95,1.6449,5,1,102.21485635852125,75.6119964306569,26.60285992786432,0.9043928571428572,0.0956071428571428,2.7004284439520325,11.655,4000
m5,Naive,3,0.95,1.6449,5,1,122.41828437915576,82.68957640240755,39.72870797674821,0.8654553571428572,0.1345446428571428,2.953199157228841,11.018,4000
m5,SBA,3,0.95,1.6449,5,1,106.64956695380444,71.99494704533905,34.65461990846538,0.8858571428571429,0.1141428571428571,2.571248108762109,11.6425,4000
m5,SES,3,0.95,1.6449,5,1,102.14449921446555,76.59591899381354,25.548580220652045,0.9088303571428572,0.0911696428571428,2.73556853549334,11.70825,4000
m5,Seasonal Naive,3,0.95,1.6449,5,1,136.98795060921336,113.65413201958796,23.3338185896254,0.9257767857142856,0.0742232142857143,4.059076143556712,10.242,4000
m5,TES,3,0.95,1.6449,5,1,198.94289133617804,161.1138562205016,37.82903511567645,0.87925,0.12075,5.754066293589342,15.26225,4000
m5,TSB,3,0.95,1.6449,5,1,104.16639705203212,78.54819009837065,25.618206953661463,0.9079821428571428,0.0920178571428571,2.805292503513238,11.644,4000
store_item_demand,ARIMA,3,0.95,1.6449,5,1,2073.6626219571867,201.9997971824819,1871.6628247747049,0.30125,0.6987500000000001,7.214278470802925,26.47625,4000
store_item_demand,DES,3,0.95,1.6449,5,1,1641.5571162086442,509.4911295748024,1132.065986633842,0.5319642857142858,0.4680357142857143,18.196111770528653,26.353,4000
store_item_demand,LSTM,3,0.95,1.6449,5,1,2019.4476262719568,205.20176156045665,1814.2458647115,0.3222857142857143,0.6777142857142857,7.32863434144488,26.20425,4000
store_item_demand,Moving Average,3,0.95,1.6449,5,1,1716.1727992306548,248.57445498860756,1467.5983442420472,0.3811428571428571,0.6188571428571429,8.877659106735983,26.3535,4000
store_item_demand,Naive,3,0.95,1.6449,5,1,2661.079433227289,138.9608542774953,2522.1185789497936,0.2325892857142857,0.7674107142857143,4.962887652767689,26.19575,4000
store_item_demand,SARIMA,3,0.95,1.6449,5,1,1915.1294339133756,232.38721228122608,1682.7422216321493,0.3557946428571429,0.6442053571428571,8.299543295758074,26.19275,4000
store_item_demand,SES,3,0.95,1.6449,5,1,1826.5494036870664,217.94013071188704,1608.6092729751797,0.3395089285714285,0.6604910714285713,7.783576096853108,26.394,4000
store_item_demand,Seasonal Naive,3,0.95,1.6449,5,1,1795.2692017678974,263.42035975772177,1531.8488420101753,0.4159821428571429,0.5840178571428571,9.407869991347203,26.26875,4000
store_item_demand,TES,3,0.95,1.6449,5,1,2027.9285036133745,662.5812690813963,1365.3472345319776,0.5231339285714286,0.4768660714285714,23.66361675290701,26.22625,4000
m5,ARIMA,3,0.95,1.6449,10,1,148.90076367580716,85.20309734798748,63.69766632781965,0.8813928571428571,0.1186071428571428,3.042967762428125,12.40175,4000
m5,CROSTON,3,0.95,1.6449,10,1,133.8466033864484,83.30017200906396,50.54643137738444,0.910375,0.089625,2.975006143180855,11.7595,4000
m5,DES,3,0.95,1.6449,10,1,186.4021656401156,123.11471815262952,63.28744748748608,0.8905267857142858,0.1094732142857142,4.396954219736768,17.688,4000
m5,LSTM,3,0.95,1.6449,10,1,128.76115644562788,73.31423196420702,55.44692448142085,0.8973035714285713,0.1026964285714285,2.618365427293108,16.968,4000
m5,Moving Average,3,0.95,1.6449,10,1,128.81771628638555,75.6119964306569,53.20571985572863,0.9043928571428572,0.0956071428571428,2.7004284439520325,11.655,4000
m5,Naive,3,0.95,1.6449,10,1,162.14699235590396,82.68957640240755,79.45741595349642,0.8654553571428572,0.1345446428571428,2.953199157228841,11.018,4000
m5,SBA,3,0.95,1.6449,10,1,141.30418686226983,71.99494704533905,69.30923981693076,0.8858571428571429,0.1141428571428571,2.571248108762109,11.6425,4000
m5,SES,3,0.95,1.6449,10,1,127.6930794351176,76.59591899381354,51.09716044130409,0.9088303571428572,0.0911696428571428,2.73556853549334,11.70825,4000
m5,Seasonal Naive,3,0.95,1.6449,10,1,160.32176919883878,113.65413201958796,46.6676371792508,0.9257767857142856,0.0742232142857143,4.059076143556712,10.242,4000
m5,TES,3,0.95,1.6449,10,1,236.77192645185443,161.1138562205016,75.6580702313529,0.87925,0.12075,5.754066293589342,15.26225,4000
m5,TSB,3,0.95,1.6449,10,1,129.7846040056936,78.54819009837065,51.23641390732293,0.9079821428571428,0.0920178571428571,2.805292503513238,11.644,4000
store_item_demand,ARIMA,3,0.95,1.6449,10,1,3945.325446731892,201.9997971824819,3743.3256495494097,0.30125,0.6987500000000001,7.214278470802925,26.47625,4000
store_item_demand,DES,3,0.95,1.6449,10,1,2773.623102842486,509.4911295748024,2264.131973267684,0.5319642857142858,0.4680357142857143,18.196111770528653,26.353,4000
store_item_demand,LSTM,3,0.95,1.6449,10,1,3833.6934909834567,205.20176156045665,3628.491729423,0.3222857142857143,0.6777142857142857,7.32863434144488,26.20425,4000
store_item_demand,Moving Average,3,0.95,1.6449,10,1,3183.771143472702,248.57445498860756,2935.1966884840945,0.3811428571428571,0.6188571428571429,8.877659106735983,26.3535,4000
store_item_demand,Naive,3,0.95,1.6449,10,1,5183.198012177084,138.9608542774953,5044.237157899587,0.2325892857142857,0.7674107142857143,4.962887652767689,26.19575,4000
store_item_demand,SARIMA,3,0.95,1.6449,10,1,3597.8716555455244,232.38721228122608,3365.4844432642985,0.3557946428571429,0.6442053571428571,8.299543295758074,26.19275,4000
store_item_demand,SES,3,0.95,1.6449,10,1,3435.1586766622463,217.94013071188704,3217.2185459503594,0.3395089285714285,0.6604910714285713,7.783576096853108,26.394,4000
store_item_demand,Seasonal Naive,3,0.95,1.6449,10,1,3327.1180437780727,263.42035975772177,3063.6976840203506,0.4159821428571429,0.5840178571428571,9.407869991347203,26.26875,4000
store_item_demand,TES,3,0.95,1.6449,10,1,3393.275738145352,662.5812690813963,2730.6944690639552,0.5231339285714286,0.4768660714285714,23.66361675290701,26.22625,4000
m5,ARIMA,3,0.99,2.3263,3,1,123.3220616391117,111.29774884211234,12.02431279699934,0.9247946428571427,0.0752053571428571,3.974919601504012,12.793,4000
m5,CROSTON,3,0.99,2.3263,3,1,119.61529172917837,110.66960357908184,8.945688150096478,0.947375,0.052625,3.952485842110068,11.98275,4000
m5,DES,3,0.99,2.3263,3,1,166.13565947375994,153.80346345966922,12.332196014090744,0.9273928571428572,0.0726071428571428,5.492980837845328,18.06825,4000
m5,LSTM,3,0.99,2.3263,3,1,109.79668334342124,99.85274400178014,9.943939341641068,0.9381517857142856,0.0618482142857142,3.566169428635005,17.20175,4000
m5,Moving Average,3,0.99,2.3263,3,1,111.99880023982524,102.5232260925102,9.47557414731505,0.9431696428571428,0.0568303571428571,3.661543789018221,11.9185,4000
m5,Naive,3,0.99,2.3263,3,1,122.9363072425744,107.322247099182,15.6140601433924,0.9111071428571428,0.0888928571428571,3.832937396399357,11.52075,4000
m5,SBA,3,0.99,2.3263,3,1,110.33647649913426,97.36342021612066,12.973056283013612,0.9286964285714284,0.0713035714285714,3.4772650077185947,11.93225,4000
m5,SES,3,0.99,2.3263,3,1,112.8046472302702,103.76406065849052,9.040586571779675,0.9461964285714284,0.0538035714285714,3.705859309231805,11.94975,4000
m5,Seasonal Naive,3,0.99,2.3263,3,1,161.0973479145479,152.42967478514456,8.667673129403287,0.9551696428571428,0.0448303571428571,5.443916956612307,10.51425,4000
m5,TES,3,0.99,2.3263,3,1,211.95481231296165,196.34913489328684,15.605677419674764,0.9171607142857142,0.0828392857142857,7.012469103331674,15.65825,4000
m5,TSB,3,0.99,2.3263,3,1,114.74668793780366,105.67748751269912,9.069200425104553,0.9444910714285714,0.0555089285714285,3.774195982596397,11.909,4000
store_item_demand,ARIMA,3,0.99,2.3263,3,1,1130.358264966664,234.92986870499263,895.4283962616713,0.378625,0.6213749999999999,8.39035245374974,26.71925,4000
store_item_demand,DES,3,0.99,2.3263,3,1,1147.6271271194482,638.486172172902,509.14095494654606,0.6177857142857143,0.3822142857142857,22.803077577603645,26.5295,4000
store_item_demand,LSTM,3,0.99,2.3263,3,1,1128.5709082432702,216.519721251906,912.0511869913644,0.3631964285714285,0.6368035714285715,7.73284718756807,26.301,4000
store_item_demand,Moving Average,3,0.99,2.3263,3,1,970.576341032802,299.08623164180307,671.4901093909987,0.4777857142857142,0.5222142857142857,10.681651130064392,26.59775,4000
store_item_demand,Naive,3,0.99,2.3263,3,1,1425.1870514354327,155.58478858969096,1269.6022628457415,0.2860892857142857,0.7139107142857143,5.556599592488963,26.3755,4000
store_item_demand,SARIMA,3,0.99,2.3263,3,1,1094.6969534456362,253.26719802982447,841.4297554158117,0.4044910714285714,0.5955089285714286,9.045257072493731,26.3155,4000
store_item_demand,SES,3,0.99,2.3263,3,1,1000.8515383046418,255.6356620722678,745.2158762323741,0.4304196428571428,0.5695803571428572,9.129845074009564,26.66225,4000
store_item_demand,Seasonal Naive,3,0.99,2.3263,3,1,1026.8150102614732,308.9066894667535,717.9083207947199,0.4937410714285714,0.5062589285714286,11.032381766669769,26.46675,4000
store_item_demand,TES,3,0.99,2.3263,3,1,1456.50588341279,793.702306806609,662.8035766061812,0.5739285714285715,0.4260714285714285,28.346510957378893,26.3815,4000
m5,ARIMA,3,0.99,2.3263,5,1,131.3382701704446,111.29774884211234,20.04052132833223,0.9247946428571427,0.0752053571428571,3.974919601504012,12.793,4000
m5,CROSTON,3,0.99,2.3263,5,1,125.57908382924266,110.66960357908184,14.909480250160795,0.947375,0.052625,3.952485842110068,11.98275,4000
m5,DES,3,0.99,2.3263,5,1,174.35712348315377,153.80346345966922,20.55366002348457,0.9273928571428572,0.0726071428571428,5.492980837845328,18.06825,4000
m5,LSTM,3,0.99,2.3263,5,1,116.4259762378486,99.85274400178014,16.573232236068446,0.9381517857142856,0.0618482142857142,3.566169428635005,17.20175,4000
m5,Moving Average,3,0.99,2.3263,5,1,118.3158496713686,102.5232260925102,15.792623578858416,0.9431696428571428,0.0568303571428571,3.661543789018221,11.9185,4000
m5,Naive,3,0.99,2.3263,5,1,133.34568067150266,107.322247099182,26.023433572320663,0.9111071428571428,0.0888928571428571,3.832937396399357,11.52075,4000
m5,SBA,3,0.99,2.3263,5,1,118.98518068781,97.36342021612066,21.62176047168936,0.9286964285714284,0.0713035714285714,3.4772650077185947,11.93225,4000
m5,SES,3,0.99,2.3263,5,1,118.83170494479,103.76406065849052,15.067644286299462,0.9461964285714284,0.0538035714285714,3.705859309231805,11.94975,4000
m5,Seasonal Naive,3,0.99,2.3263,5,1,166.8757966674834,152.42967478514456,14.446121882338812,0.9551696428571428,0.0448303571428571,5.443916956612307,10.51425,4000
m5,TES,3,0.99,2.3263,5,1,222.35859725941148,196.34913489328684,26.00946236612461,0.9171607142857142,0.0828392857142857,7.012469103331674,15.65825,4000
m5,TSB,3,0.99,2.3263,5,1,120.79282155454,105.67748751269912,15.11533404184092,0.9444910714285714,0.0555089285714285,3.774195982596397,11.909,4000
store_item_demand,ARIMA,3,0.99,2.3263,5,1,1727.3105291411118,234.92986870499263,1492.380660436119,0.378625,0.6213749999999999,8.39035245374974,26.71925,4000
store_item_demand,DES,3,0.99,2.3263,5,1,1487.0544304171456,638.486172172902,848.5682582442435,0.6177857142857143,0.3822142857142857,22.803077577603645,26.5295,4000
store_item_demand,LSTM,3,0.99,2.3263,5,1,1736.6050329041798,216.519721251906,1520.085311652274,0.3631964285714285,0.6368035714285715,7.73284718756807,26.301,4000
store_item_demand,Moving Average,3,0.99,2.3263,5,1,1418.2364139601343,299.08623164180307,1119.1501823183312,0.4777857142857142,0.5222142857142857,10.681651130064392,26.59775,4000
store_item_demand,Naive,3,0.99,2.3263,5,1,2271.5885599992607,155.58478858969096,2116.0037714095693,0.2860892857142857,0.7139107142857143,5.556599592488963,26.3755,4000
store_item_demand,SARIMA,3,0.99,2.3263,5,1,1655.650123722844,253.26719802982447,1402.3829256930196,0.4044910714285714,0.5955089285714286,9.045257072493731,26.3155,4000
store_item_demand,SES,3,0.99,2.3263,5,1,1497.6621224595578,255.6356620722678,1242.02646038729,0.4304196428571428,0.5695803571428572,9.129845074009564,26.66225,4000
store_item_demand,Seasonal Naive,3,0.99,2.3263,5,1,1505.4205574579532,308.9066894667535,1196.5138679911995,0.4937410714285714,0.5062589285714286,11.032381766669769,26.46675,4000
store_item_demand,TES,3,0.99,2.3263,5,1,1898.3749344835776,793.702306806609,1104.6726276769684,0.5739285714285715,0.4260714285714285,28.346510957378893,26.3815,4000
m5,ARIMA,3,0.99,2.3263,10,1,151.37879149877682,111.29774884211234,40.08104265666446,0.9247946428571427,0.0752053571428571,3.974919601504012,12.793,4000
m5,CROSTON,3,0.99,2.3263,10,1,140.48856407940346,110.66960357908184,29.81896050032159,0.947375,0.052625,3.952485842110068,11.98275,4000
m5,DES,3,0.99,2.3263,10,1,194.91078350663832,153.80346345966922,41.10732004696914,0.9273928571428572,0.0726071428571428,5.492980837845328,18.06825,4000
m5,LSTM,3,0.99,2.3263,10,1,132.99920847391704,99.85274400178014,33.14646447213689,0.9381517857142856,0.0618482142857142,3.566169428635005,17.20175,4000
m5,Moving Average,3,0.99,2.3263,10,1,134.108473250227,102.5232260925102,31.585247157716832,0.9431696428571428,0.0568303571428571,3.661543789018221,11.9185,4000
m5,Naive,3,0.99,2.3263,10,1,159.3691142438233,107.322247099182,52.046867144641325,0.9111071428571428,0.0888928571428571,3.832937396399357,11.52075,4000
m5,SBA,3,0.99,2.3263,10,1,140.60694115949937,97.36342021612066,43.24352094337871,0.9286964285714284,0.0713035714285714,3.4772650077185947,11.93225,4000
m5,SES,3,0.99,2.3263,10,1,133.89934923108947,103.76406065849052,30.135288572598924,0.9461964285714284,0.0538035714285714,3.705859309231805,11.94975,4000
m5,Seasonal Naive,3,0.99,2.3263,10,1,181.32191854982224,152.42967478514456,28.892243764677623,0.9551696428571428,0.0448303571428571,5.443916956612307,10.51425,4000
m5,TES,3,0.99,2.3263,10,1,248.3680596255361,196.34913489328684,52.01892473224922,0.9171607142857142,0.0828392857142857,7.012469103331674,15.65825,4000
m5,TSB,3,0.99,2.3263,10,1,135.90815559638096,105.67748751269912,30.23066808368184,0.9444910714285714,0.0555089285714285,3.774195982596397,11.909,4000
store_item_demand,ARIMA,3,0.99,2.3263,10,1,3219.691189577231,234.92986870499263,2984.761320872238,0.378625,0.6213749999999999,8.39035245374974,26.71925,4000
store_item_demand,DES,3,0.99,2.3263,10,1,2335.622688661389,638.486172172902,1697.136516488487,0.6177857142857143,0.3822142857142857,22.803077577603645,26.5295,4000
store_item_demand,LSTM,3,0.99,2.3263,10,1,3256.690344556453,216.519721251906,3040.170623304548,0.3631964285714285,0.6368035714285715,7.73284718756807,26.301,4000
store_item_demand,Moving Average,3,0.99,2.3263,10,1,2537.3865962784657,299.08623164180307,2238.3003646366624,0.4777857142857142,0.5222142857142857,10.681651130064392,26.59775,4000
store_item_demand,Naive,3,0.99,2.3263,10,1,4387.59233140883,155.58478858969096,4232.0075428191385,0.2860892857142857,0.7139107142857143,5.556599592488963,26.3755,4000
store_item_demand,SARIMA,3,0.99,2.3263,10,1,3058.033049415863,253.26719802982447,2804.7658513860392,0.4044910714285714,0.5955089285714286,9.045257072493731,26.3155,4000
store_item_demand,SES,3,0.99,2.3263,10,1,2739.6885828468485,255.6356620722678,2484.05292077458,0.4304196428571428,0.5695803571428572,9.129845074009564,26.66225,4000
store_item_demand,Seasonal Naive,3,0.99,2.3263,10,1,2701.9344254491534,308.9066894667535,2393.0277359823995,0.4937410714285714,0.5062589285714286,11.032381766669769,26.46675,4000
store_item_demand,TES,3,0.99,2.3263,10,1,3003.047562160546,793.702306806609,2209.345255353937,0.5739285714285715,0.4260714285714285,28.346510957378893,26.3815,4000
m5,ARIMA,7,0.9,1.2816,3,1,168.53223089756025,146.0369132341531,22.495317663407118,0.8771875,0.1228125,5.215604044076898,10.42575,4000
m5,CROSTON,7,0.9,1.2816,3,1,151.1004520706666,136.27071113037522,14.82974094029136,0.9237232142857142,0.0762767857142857,4.866811111799116,10.38775,4000
m5,DES,7,0.9,1.2816,3,1,238.86405900594167,215.60519528912693,23.25886371681472,0.8819910714285714,0.1180089285714285,7.700185546040249,14.891,4000
m5,LSTM,7,0.9,1.2816,3,1,129.46523379335082,112.7484626100544,16.71677118329643,0.9087678571428572,0.0912321428571428,4.026730807501942,14.931,4000
m5,Moving Average,7,0.9,1.2816,3,1,134.9044319280997,118.54619948235243,16.358232445747312,0.9140982142857144,0.0859017857142857,4.233792838655443,10.179,4000
m5,Naive,7,0.9,1.2816,3,1,172.2261632980755,142.8972091681785,29.32895412989702,0.8515535714285715,0.1484464285714286,5.103471756006375,8.92775,4000
m5,SBA,7,0.9,1.2816,3,1,134.81567902640074,111.9823416786459,22.83333734775488,0.8904196428571429,0.1095803571428571,3.999369345665925,10.147,4000
m5,SES,7,0.9,1.2816,3,1,135.64129500633513,120.3035738888618,15.337721117473349,0.91975,0.08025,4.296556210316493,10.31725,4000
m5,Seasonal Naive,7,0.9,1.2816,3,1,161.17100949901902,145.3371035429426,15.83390595607639,0.9225803571428572,0.0774196428571428,5.19061084081938,9.97475,4000
m5,TES,7,0.9,1.2816,3,1,310.6271281792221,281.7110282872535,28.91609989196865,0.86275,0.13725,10.061108153116198,14.2915,4000
m5,TSB,7,0.9,1.2816,3,1,141.3168522275878,125.6006513049588,15.716200922628984,0.91625,0.08375,4.485737546605671,10.1655,4000
store_item_demand,ARIMA,7,0.9,1.2816,3,1,1888.0470383201373,1055.445609411186,832.6014289089516,0.4887410714285714,0.5112589285714286,37.69448605039948,21.97525,4000
store_item_demand,DES,7,0.9,1.2816,3,1,2464.2341208501566,2019.7361910093853,444.497929840771,0.7060982142857142,0.2939017857142857,72.13343539319234,22.169,4000
store_item_demand,LSTM,7,0.9,1.2816,3,1,1867.942011895326,1149.4186923034322,718.5233195918938,0.5108839285714285,0.4891160714285714,41.05066758226543,23.04475,4000
store_item_demand,Moving Average,7,0.9,1.2816,3,1,1811.6789839454527,1244.602306529273,567.0766774161798,0.5750178571428571,0.4249821428571428,44.450082376045465,22.479,4000
store_item_demand,Naive,7,0.9,1.2816,3,1,2012.8703979203628,781.4228089644366,1231.4475889559262,0.4014375,0.5985625,27.90795746301559,20.24175,4000
store_item_demand,SARIMA,7,0.9,1.2816,3,1,1928.9100286090572,1284.8934113360904,644.0166172729668,0.5689910714285714,0.4310089285714286,45.88905040486037,22.693,4000
store_item_demand,SES,7,0.9,1.2816,3,1,1799.6016345473113,1137.5667254682633,662.0349090790482,0.5237857142857143,0.4762142857142857,40.62738305243798,22.55075,4000
store_item_demand,Seasonal Naive,7,0.9,1.2816,3,1,1832.4650200311244,1247.7744438369343,584.6905761941897,0.5795178571428571,0.4204821428571428,44.56337299417624,22.9325,4000
store_item_demand,TES,7,0.9,1.2816,3,1,2989.0108932691496,2377.6824338095785,611.3284594595711,0.6706428571428571,0.3293571428571428,84.91722977891351,21.9175,4000
m5,ARIMA,7,0.9,1.2816,5,1,183.5291093398316,146.0369132341531,37.49219610567853,0.8771875,0.1228125,5.215604044076898,10.42575,4000
m5,CROSTON,7,0.9,1.2816,5,1,160.98694603086082,136.27071113037522,24.7162349004856,0.9237232142857142,0.0762767857142857,4.866811111799116,10.38775,4000
m5,DES,7,0.9,1.2816,5,1,254.36996815048485,215.60519528912693,38.76477286135786,0.8819910714285714,0.1180089285714285,7.700185546040249,14.891,4000
m5,LSTM,7,0.9,1.2816,5,1,140.60974791554844,112.7484626100544,27.86128530549405,0.9087678571428572,0.0912321428571428,4.026730807501942,14.931,4000
m5,Moving Average,7,0.9,1.2816,5,1,145.80992022526462,118.54619948235243,27.263720742912184,0.9140982142857144,0.0859017857142857,4.233792838655443,10.179,4000
m5,Naive,7,0.9,1.2816,5,1,191.77879938467356,142.8972091681785,48.88159021649503,0.8515535714285715,0.1484464285714286,5.103471756006375,8.92775,4000
m5,SBA,7,0.9,1.2816,5,1,150.037903924904,111.9823416786459,38.05556224625814,0.8904196428571429,0.1095803571428571,3.999369345665925,10.147,4000
m5,SES,7,0.9,1.2816,5,1,145.86644241798405,120.3035738888618,25.56286852912224,0.91975,0.08025,4.296556210316493,10.31725,4000
m5,Seasonal Naive,7,0.9,1.2816,5,1,171.7269468030699,145.3371035429426,26.389843260127307,0.9225803571428572,0.0774196428571428,5.19061084081938,9.97475,4000
m5,TES,7,0.9,1.2816,5,1,329.9045281072013,281.7110282872535,48.19349981994775,0.86275,0.13725,10.061108153116198,14.2915,4000
m5,TSB,7,0.9,1.2816,5,1,151.79431950934045,125.6006513049588,26.19366820438164,0.91625,0.08375,4.485737546605671,10.1655,4000
store_item_demand,ARIMA,7,0.9,1.2816,5,1,2443.114657592772,1055.445609411186,1387.669048181586,0.4887410714285714,0.5112589285714286,37.69448605039948,21.97525,4000
store_item_demand,DES,7,0.9,1.2816,5,1,2760.5660740773374,2019.7361910093853,740.8298830679518,0.7060982142857142,0.2939017857142857,72.13343539319234,22.169,4000
store_item_demand,LSTM,7,0.9,1.2816,5,1,2346.957558289922,1149.4186923034322,1197.5388659864898,0.5108839285714285,0.4891160714285714,41.05066758226543,23.04475,4000
store_item_demand,Moving Average,7,0.9,1.2816,5,1,2189.730102222906,1244.602306529273,945.1277956936332,0.5750178571428571,0.4249821428571428,44.450082376045465,22.479,4000
store_item_demand,Naive,7,0.9,1.2816,5,1,2833.8354572243143,781.4228089644366,2052.412648259877,0.4014375,0.5985625,27.90795746301559,20.24175,4000
store_item_demand,SARIMA,7,0.9,1.2816,5,1,2358.254440124368,1284.8934113360904,1073.361028788278,0.5689910714285714,0.4310089285714286,45.88905040486037,22.693,4000
store_item_demand,SES,7,0.9,1.2816,5,1,2240.9582406000104,1137.5667254682633,1103.391515131747,0.5237857142857143,0.4762142857142857,40.62738305243798,22.55075,4000
store_item_demand,Seasonal Naive,7,0.9,1.2816,5,1,2222.258737493917,1247.7744438369343,974.4842936569828,0.5795178571428571,0.4204821428571428,44.56337299417624,22.9325,4000
store_item_demand,TES,7,0.9,1.2816,5,1,3396.5631995755302,2377.6824338095785,1018.8807657659522,0.6706428571428571,0.3293571428571428,84.91722977891351,21.9175,4000
m5,ARIMA,7,0.9,1.2816,10,1,221.0213054455101,146.0369132341531,74.98439221135705,0.8771875,0.1228125,5.215604044076898,10.42575,4000
m5,CROSTON,7,0.9,1.2816,10,1,185.7031809313464,136.27071113037522,49.4324698009712,0.9237232142857142,0.0762767857142857,4.866811111799116,10.38775,4000
m5,DES,7,0.9,1.2816,10,1,293.13474101184266,215.60519528912693,77.52954572271572,0.8819910714285714,0.1180089285714285,7.700185546040249,14.891,4000
m5,LSTM,7,0.9,1.2816,10,1,168.4710332210425,112.7484626100544,55.7225706109881,0.9087678571428572,0.0912321428571428,4.026730807501942,14.931,4000
m5,Moving Average,7,0.9,1.2816,10,1,173.0736409681768,118.54619948235243,54.52744148582437,0.9140982142857144,0.0859017857142857,4.233792838655443,10.179,4000
m5,Naive,7,0.9,1.2816,10,1,240.66038960116856,142.8972091681785,97.76318043299004,0.8515535714285715,0.1484464285714286,5.103471756006375,8.92775,4000
m5,SBA,7,0.9,1.2816,10,1,188.0934661711621,111.9823416786459,76.11112449251628,0.8904196428571429,0.1095803571428571,3.999369345665925,10.147,4000
m5,SES,7,0.9,1.2816,10,1,171.42931094710627,120.3035738888618,51.12573705824448,0.91975,0.08025,4.296556210316493,10.31725,4000
m5,Seasonal Naive,7,0.9,1.2816,10,1,198.11679006319724,145.3371035429426,52.77968652025461,0.9225803571428572,0.0774196428571428,5.19061084081938,9.97475,4000
m5,TES,7,0.9,1.2816,10,1,378.098027927149,281.7110282872535,96.38699963989548,0.86275,0.13725,10.061108153116198,14.2915,4000
m5,TSB,7,0.9,1.2816,10,1,177.98798771372208,125.6006513049588,52.38733640876328,0.91625,0.08375,4.485737546605671,10.1655,4000
store_item_demand,ARIMA,7,0.9,1.2816,10,1,3830.7837057743577,1055.445609411186,2775.338096363172,0.4887410714285714,0.5112589285714286,37.69448605039948,21.97525,4000
store_item_demand,DES,7,0.9,1.2816,10,1,3501.395957145289,2019.7361910093853,1481.6597661359035,0.7060982142857142,0.2939017857142857,72.13343539319234,22.169,4000
store_item_demand,LSTM,7,0.9,1.2816,10,1,3544.496424276412,1149.4186923034322,2395.07773197298,0.5108839285714285,0.4891160714285714,41.05066758226543,23.04475,4000
store_item_demand,Moving Average,7,0.9,1.2816,10,1,3134.8578979165395,1244.602306529273,1890.2555913872663,0.5750178571428571,0.4249821428571428,44.450082376045465,22.479,4000
store_item_demand,Naive,7,0.9,1.2816,10,1,4886.24810548419,781.4228089644366,4104.825296519754,0.4014375,0.5985625,27.90795746301559,20.24175,4000
store_item_demand,SARIMA,7,0.9,1.2816,10,1,3431.615468912646,1284.8934113360904,2146.722057576556,0.5689910714285714,0.4310089285714286,45.88905040486037,22.693,4000
store_item_demand,SES,7,0.9,1.2816,10,1,3344.3497557317573,1137.5667254682633,2206.783030263494,0.5237857142857143,0.4762142857142857,40.62738305243798,22.55075,4000
store_item_demand,Seasonal Naive,7,0.9,1.2816,10,1,3196.7430311509006,1247.7744438369343,1948.9685873139656,0.5795178571428571,0.4204821428571428,44.56337299417624,22.9325,4000
store_item_demand,TES,7,0.9,1.2816,10,1,4415.443965341482,2377.6824338095785,2037.7615315319044,0.6706428571428571,0.3293571428571428,84.91722977891351,21.9175,4000
m5,ARIMA,7,0.95,1.6449,3,1,181.8070333893831,162.62053478141468,19.18649860796836,0.8957053571428572,0.1042946428571428,5.80787624219338,10.7195,4000
m5,CROSTON,7,0.95,1.6449,3,1,166.70471630458593,154.5389130297547,12.165803274831244,0.9391607142857142,0.0608392857142857,5.519246893919811,10.56575,4000
m5,DES,7,0.95,1.6449,3,1,255.4235694318367,235.3486021121507,20.07496731968601,0.8988214285714287,0.1011785714285714,8.405307218291094,15.19,4000
m5,LSTM,7,0.95,1.6449,3,1,143.7163310903079,130.0391757262689,13.677155364038988,0.9282767857142856,0.0717232142857142,4.644256275938174,15.1425,4000
m5,Moving Average,7,0.95,1.6449,3,1,149.81804021038158,136.3041240513768,13.5139161590048,0.9304464285714285,0.0695535714285714,4.868004430406314,10.38225,4000
m5,Naive,7,0.95,1.6449,3,1,183.75374919141944,158.25334642445253,25.50040276696691,0.8716696428571429,0.1283303571428571,5.651905229444733,9.2975,4000
m5,SBA,7,0.95,1.6449,3,1,147.7520284437986,128.39178721651757,19.36024122728103,0.9091785714285714,0.0908214285714285,4.585420972018484,10.40075,4000
m5,SES,7,0.95,1.6449,3,1,150.91468343004075,138.31753782423925,12.597145605801494,0.9357232142857144,0.0642767857142857,4.939912065151402,10.50275,4000
m5,Seasonal Naive,7,0.95,1.6449,3,1,183.8267953064929,170.7328542616823,13.093941044810588,0.9375,0.0625,6.097601937917224,10.15125,4000
m5,TES,7,0.95,1.6449,3,1,329.7166114039306,304.2785613083514,25.438050095579182,0.8804375,0.1195625,10.867091475298263,14.63775,4000
m5,TSB,7,0.95,1.6449,3,1,156.49467955917854,143.54113814780806,12.95354141137046,0.9319375,0.0680625,5.126469219564573,10.3765,4000
store_item_demand,ARIMA,7,0.95,1.6449,3,1,1823.1075916041505,1076.4789026330998,746.6286889710501,0.5238928571428572,0.4761071428571428,38.44567509403928,22.2015,4000
store_item_demand,DES,7,0.95,1.6449,3,1,2519.828094548273,2130.1040621002494,389.7240324480232,0.7346517857142857,0.2653482142857143,76.0751450750089,22.35675,4000
store_item_demand,LSTM,7,0.95,1.6449,3,1,1811.5528020917127,1157.7050396116492,653.8477624800636,0.5306964285714285,0.4693035714285714,41.346608557558895,23.15,4000
store_item_demand,Moving Average,7,0.95,1.6449,3,1,1761.1370587994857,1276.1079944114788,485.02906438800704,0.6170982142857143,0.3829017857142857,45.57528551469567,22.75775,4000
store_item_demand,Naive,7,0.95,1.6449,3,1,1938.0647855463471,794.6296701832985,1143.435115363049,0.4320714285714285,0.5679285714285714,28.379631077974945,20.4185,4000
store_item_demand,SARIMA,7,0.95,1.6449,3,1,1892.4907873195425,1307.7807340872123,584.7100532323296,0.5919107142857142,0.4080892857142857,46.70645478882902,22.7815,4000
store_item_demand,SES,7,0.95,1.6449,3,1,1730.5310838398418,1155.598834208954,574.9322496308879,0.5612678571428571,0.4387321428571428,41.27138693603408,22.85575,4000
store_item_demand,Seasonal Naive,7,0.95,1.6449,3,1,1789.3087356098165,1281.058865765212,508.24986984460463,0.6195625,0.3804375,45.75210234875757,23.10075,4000
store_item_demand,TES,7,0.95,1.6449,3,1,3046.1939329811403,2485.6596676770096,560.5342653041305,0.6906696428571429,0.3093303571428571,88.77355955989322,22.057,4000
m5,ARIMA,7,0.95,1.6449,5,1,194.59803246136195,162.62053478141468,31.977497679947277,0.8957053571428572,0.1042946428571428,5.80787624219338,10.7195,4000
m5,CROSTON,7,0.95,1.6449,5,1,174.81525182114012,154.5389130297547,20.27633879138541,0.9391607142857142,0.0608392857142857,5.519246893919811,10.56575,4000
m5,DES,7,0.95,1.6449,5,1,268.80688097829403,235.3486021121507,33.458278866143345,0.8988214285714287,0.1011785714285714,8.405307218291094,15.19,4000
m5,LSTM,7,0.95,1.6449,5,1,152.83443466633386,130.0391757262689,22.795258940064983,0.9282767857142856,0.0717232142857142,4.644256275938174,15.1425,4000
m5,Moving Average,7,0.95,1.6449,5,1,158.8273176497181,136.3041240513768,22.523193598341333,0.9304464285714285,0.0695535714285714,4.868004430406314,10.38225,4000
m5,Naive,7,0.95,1.6449,5,1,200.75401770273072,158.25334642445253,42.50067127827818,0.8716696428571429,0.1283303571428571,5.651905229444733,9.2975,4000
m5,SBA,7,0.95,1.6449,5,1,160.65885592865263,128.39178721651757,32.26706871213505,0.9091785714285714,0.0908214285714285,4.585420972018484,10.40075,4000
m5,SES,7,0.95,1.6449,5,1,159.3127805005751,138.31753782423925,20.995242676335824,0.9357232142857144,0.0642767857142857,4.939912065151402,10.50275,4000
m5,Seasonal Naive,7,0.95,1.6449,5,1,192.5560893363666,170.7328542616823,21.82323507468432,0.9375,0.0625,6.097601937917224,10.15125,4000
m5,TES,7,0.95,1.6449,5,1,346.6753114676501,304.2785613083514,42.39675015929865,0.8804375,0.1195625,10.867091475298263,14.63775,4000
m5,TSB,7,0.95,1.6449,5,1,165.1303738334255,143.54113814780806,21.58923568561743,0.9319375,0.0680625,5.126469219564573,10.3765,4000
store_item_demand,ARIMA,7,0.95,1.6449,5,1,2320.860050918184,1076.4789026330998,1244.3811482850836,0.5238928571428572,0.4761071428571428,38.44567509403928,22.2015,4000
store_item_demand,DES,7,0.95,1.6449,5,1,2779.644116180288,2130.1040621002494,649.5400540800387,0.7346517857142857,0.2653482142857143,76.0751450750089,22.35675,4000
store_item_demand,LSTM,7,0.95,1.6449,5,1,2247.451310411755,1157.7050396116492,1089.746270800106,0.5306964285714285,0.4693035714285714,41.346608557558895,23.15,4000
store_item_demand,Moving Average,7,0.95,1.6449,5,1,2084.4897683914905,1276.1079944114788,808.3817739800116,0.6170982142857143,0.3829017857142857,45.57528551469567,22.75775,4000
store_item_demand,Naive,7,0.95,1.6449,5,1,2700.354862455046,794.6296701832985,1905.725192271748,0.4320714285714285,0.5679285714285714,28.379631077974945,20.4185,4000
store_item_demand,SARIMA,7,0.95,1.6449,5,1,2282.2974894744284,1307.7807340872123,974.5167553872162,0.5919107142857142,0.4080892857142857,46.70645478882902,22.7815,4000
store_item_demand,SES,7,0.95,1.6449,5,1,2113.8192502604343,1155.598834208954,958.2204160514798,0.5612678571428571,0.4387321428571428,41.27138693603408,22.85575,4000
store_item_demand,Seasonal Naive,7,0.95,1.6449,5,1,2128.141982172886,1281.058865765212,847.0831164076744,0.6195625,0.3804375,45.75210234875757,23.10075,4000
store_item_demand,TES,7,0.95,1.6449,5,1,3419.883443183894,2485.6596676770096,934.223775506884,0.6906696428571429,0.3093303571428571,88.77355955989322,22.057,4000
m5,ARIMA,7,0.95,1.6449,10,1,226.57553014130923,162.62053478141468,63.95499535989455,0.8957053571428572,0.1042946428571428,5.80787624219338,10.7195,4000
m5,CROSTON,7,0.95,1.6449,10,1,195.09159061252552,154.5389130297547,40.55267758277081,0.9391607142857142,0.0608392857142857,5.519246893919811,10.56575,4000
m5,DES,7,0.95,1.6449,10,1,302.2651598444374,235.3486021121507,66.91655773228669,0.8988214285714287,0.1011785714285714,8.405307218291094,15.19,4000
m5,LSTM,7,0.95,1.6449,10,1,175.6296936063989,130.0391757262689,45.590517880129966,0.9282767857142856,0.0717232142857142,4.644256275938174,15.1425,4000
m5,Moving Average,7,0.95,1.6449,10,1,181.35051124805943,136.3041240513768,45.046387196682666,0.9304464285714285,0.0695535714285714,4.868004430406314,10.38225,4000
m5,Naive,7,0.95,1.6449,10,1,243.25468898100888,158.25334642445253,85.00134255655637,0.8716696428571429,0.1283303571428571,5.651905229444733,9.2975,4000
m5,SBA,7,0.95,1.6449,10,1,192.92592464078768,128.39178721651757,64.5341374242701,0.9091785714285714,0.0908214285714285,4.585420972018484,10.40075,4000
m5,SES,7,0.95,1.6449,10,1,180.30802317691092,138.31753782423925,41.99048535267165,0.9357232142857144,0.0642767857142857,4.939912065151402,10.50275,4000
m5,Seasonal Naive,7,0.95,1.6449,10,1,214.37932441105087,170.7328542616823,43.64647014936863,0.9375,0.0625,6.097601937917224,10.15125,4000
m5,TES,7,0.95,1.6449,10,1,389.0720616269488,304.2785613083514,84.7935003185973,0.8804375,0.1195625,10.867091475298263,14.63775,4000
m5,TSB,7,0.95,1.6449,10,1,186.7196095190429,143.54113814780806,43.17847137123486,0.9319375,0.0680625,5.126469219564573,10.3765,4000
store_item_demand,ARIMA,7,0.95,1.6449,10,1,3565.2411992032667,1076.4789026330998,2488.762296570167,0.5238928571428572,0.4761071428571428,38.44567509403928,22.2015,4000
store_item_demand,DES,7,0.95,1.6449,10,1,3429.184170260327,2130.1040621002494,1299.080108160077,0.7346517857142857,0.2653482142857143,76.0751450750089,22.35675,4000
store_item_demand,LSTM,7,0.95,1.6449,10,1,3337.197581211861,1157.7050396116492,2179.492541600212,0.5306964285714285,0.4693035714285714,41.346608557558895,23.15,4000
store_item_demand,Moving Average,7,0.95,1.6449,10,1,2892.8715423715016,1276.1079944114788,1616.7635479600233,0.6170982142857143,0.3829017857142857,45.57528551469567,22.75775,4000
store_item_demand,Naive,7,0.95,1.6449,10,1,4606.0800547267945,794.6296701832985,3811.450384543495,0.4320714285714285,0.5679285714285714,28.379631077974945,20.4185,4000
store_item_demand,SARIMA,7,0.95,1.6449,10,1,3256.8142448616445,1307.7807340872123,1949.0335107744324,0.5919107142857142,0.4080892857142857,46.70645478882902,22.7815,4000
store_item_demand,SES,7,0.95,1.6449,10,1,3072.039666311914,1155.598834208954,1916.44083210296,0.5612678571428571,0.4387321428571428,41.27138693603408,22.85575,4000
store_item_demand,Seasonal Naive,7,0.95,1.6449,10,1,2975.225098580561,1281.058865765212,1694.1662328153488,0.6195625,0.3804375,45.75210234875757,23.10075,4000
store_item_demand,TES,7,0.95,1.6449,10,1,4354.107218690778,2485.6596676770096,1868.447551013768,0.6906696428571429,0.3093303571428571,88.77355955989322,22.057,4000
m5,ARIMA,7,0.99,2.3263,3,1,211.36393139545112,196.9944533865693,14.369478008881844,0.9245446428571428,0.0754553571428571,7.035516192377475,11.14725,4000
m5,CROSTON,7,0.99,2.3263,3,1,201.46742928431507,192.58565408766785,8.881775196647231,0.9580178571428573,0.0419821428571428,6.878059074559566,10.761,4000
m5,DES,7,0.99,2.3263,3,1,290.37711737699675,275.1043329170528,15.272784459943882,0.9251964285714284,0.0748035714285714,9.8251547470376,15.63675,4000
m5,LSTM,7,0.99,2.3263,3,1,176.32873365717876,166.56004761005724,9.768686047121534,0.951625,0.048375,5.948573128930615,15.42475,4000
m5,Moving Average,7,0.99,2.3263,3,1,183.22852779969293,173.39437662318787,9.834151176505074,0.9512589285714286,0.0487410714285714,6.192656307970996,10.61475,4000
m5,Naive,7,0.99,2.3263,3,1,210.03603069550368,190.34252881075315,19.693501884750525,0.9033392857142858,0.0966607142857143,6.797947457526898,9.85275,4000
m5,SBA,7,0.99,2.3263,3,1,177.67399815310858,163.10748338386531,14.566514769243271,0.9349107142857144,0.0650892857142857,5.825267263709476,10.695,4000
m5,SES,7,0.99,2.3263,3,1,184.95258776604268,175.83506670460773,9.117521061434951,0.9555178571428572,0.0444821428571428,6.279823810878846,10.7245,4000
m5,Seasonal Naive,7,0.99,2.3263,3,1,232.09998571670548,222.35631738735188,9.743668329353596,0.9554732142857142,0.0445267857142857,7.941297049548281,10.3685,4000
m5,TES,7,0.99,2.3263,3,1,369.2255406058747,349.24050684941386,19.985033756460865,0.90925,0.09075,12.472875244621925,15.1225,4000
m5,TSB,7,0.99,2.3263,3,1,190.28533388744745,180.8720659014936,9.413267985953786,0.9524642857142857,0.0475357142857142,6.459716639339058,10.61575,4000
store_item_demand,ARIMA,7,0.99,2.3263,3,1,1763.9490137251355,1161.6451717925863,602.303841932549,0.6165892857142856,0.3834107142857142,41.48732756402093,23.05575,4000
store_item_demand,DES,7,0.99,2.3263,3,1,2684.082931679757,2380.286310405918,303.79662127383995,0.7934910714285713,0.2065089285714285,85.01022537163992,22.84575,4000
store_item_demand,LSTM,7,0.99,2.3263,3,1,1729.891829818784,1191.030793634038,538.861036184746,0.586,0.414,42.536814058358495,23.4515,4000
store_item_demand,Moving Average,7,0.99,2.3263,3,1,1741.282578053727,1389.3517183193485,351.93085973437843,0.7139732142857143,0.2860267857142857,49.61970422569103,23.65475,4000
store_item_demand,Naive,7,0.99,2.3263,3,1,1855.3270582969144,860.9781292995067,994.348928997408,0.5203035714285714,0.4796964285714286,30.749218903553807,21.12575,4000
store_item_demand,SARIMA,7,0.99,2.3263,3,1,1853.8851896316212,1372.1672268820153,481.7179627496059,0.6483125,0.3516875,49.00597238864341,23.03875,4000
store_item_demand,SES,7,0.99,2.3263,3,1,1669.439262159924,1239.4200316460865,430.01923051383744,0.6608839285714286,0.3391160714285714,44.26500113021738,23.83075,4000
store_item_demand,Seasonal Naive,7,0.99,2.3263,3,1,1773.318727074211,1390.1805511142163,383.138175959995,0.7048035714285715,0.2951964285714285,49.6493053969363,23.541,4000
store_item_demand,TES,7,0.99,2.3263,3,1,3188.212630630628,2713.564068636561,474.6485619940672,0.7320803571428571,0.2679196428571428,96.91300245130574,22.32125,4000
m5,ARIMA,7,0.99,2.3263,5,1,220.9435834013724,196.9944533865693,23.94913001480307,0.9245446428571428,0.0754553571428571,7.035516192377475,11.14725,4000
m5,CROSTON,7,0.99,2.3263,5,1,207.3886127487466,192.58565408766785,14.80295866107872,0.9580178571428573,0.0419821428571428,6.878059074559566,10.761,4000
m5,DES,7,0.99,2.3263,5,1,300.55897368362594,275.1043329170528,25.45464076657313,0.9251964285714284,0.0748035714285714,9.8251547470376,15.63675,4000
m5,LSTM,7,0.99,2.3263,5,1,182.84119102192648,166.56004761005724,16.28114341186922,0.951625,0.048375,5.948573128930615,15.42475,4000
m5,Moving Average,7,0.99,2.3263,5,1,189.7846285840297,173.39437662318787,16.39025196084179,0.9512589285714286,0.0487410714285714,6.192656307970996,10.61475,4000
m5,Naive,7,0.99,2.3263,5,1,223.16503195200409,190.34252881075315,32.82250314125087,0.9033392857142858,0.0966607142857143,6.797947457526898,9.85275,4000
m5,SBA,7,0.99,2.3263,5,1,187.3850079992708,163.10748338386531,24.27752461540545,0.9349107142857144,0.0650892857142857,5.825267263709476,10.695,4000
m5,SES,7,0.99,2.3263,5,1,191.03093514033267,175.83506670460773,15.195868435724918,0.9555178571428572,0.0444821428571428,6.279823810878846,10.7245,4000
m5,Seasonal Naive,7,0.99,2.3263,5,1,238.5957646029412,222.35631738735188,16.239447215589326,0.9554732142857142,0.0445267857142857,7.941297049548281,10.3685,4000
m5,TES,7,0.99,2.3263,5,1,382.5488964435153,349.24050684941386,33.30838959410144,0.90925,0.09075,12.472875244621925,15.1225,4000
m5,TSB,7,0.99,2.3263,5,1,196.56084587808328,180.8720659014936,15.68877997658964,0.9524642857142857,0.0475357142857142,6.459716639339058,10.61575,4000
store_item_demand,ARIMA,7,0.99,2.3263,5,1,2165.484908346835,1161.6451717925863,1003.839736554248,0.6165892857142856,0.3834107142857142,41.48732756402093,23.05575,4000
store_item_demand,DES,7,0.99,2.3263,5,1,2886.614012528984,2380.286310405918,506.3277021230665,0.7934910714285713,0.2065089285714285,85.01022537163992,22.84575,4000
store_item_demand,LSTM,7,0.99,2.3263,5,1,2089.1325206086144,1191.030793634038,898.1017269745764,0.586,0.414,42.536814058358495,23.4515,4000
store_item_demand,Moving Average,7,0.99,2.3263,5,1,1975.9031512099796,1389.3517183193485,586.5514328906308,0.7139732142857143,0.2860267857142857,49.61970422569103,23.65475,4000
store_item_demand,Naive,7,0.99,2.3263,5,1,2518.2263442951867,860.9781292995067,1657.2482149956795,0.5203035714285714,0.4796964285714286,30.749218903553807,21.12575,4000
store_item_demand,SARIMA,7,0.99,2.3263,5,1,2175.0304981313584,1372.1672268820153,802.863271249343,0.6483125,0.3516875,49.00597238864341,23.03875,4000
store_item_demand,SES,7,0.99,2.3263,5,1,1956.1187491691487,1239.4200316460865,716.6987175230623,0.6608839285714286,0.3391160714285714,44.26500113021738,23.83075,4000
store_item_demand,Seasonal Naive,7,0.99,2.3263,5,1,2028.744177714208,1390.1805511142163,638.5636265999917,0.7048035714285715,0.2951964285714285,49.6493053969363,23.541,4000
store_item_demand,TES,7,0.99,2.3263,5,1,3504.645005293339,2713.564068636561,791.0809366567786,0.7320803571428571,0.2679196428571428,96.91300245130574,22.32125,4000
m5,ARIMA,7,0.99,2.3263,10,1,244.89271341617544,196.9944533865693,47.89826002960614,0.9245446428571428,0.0754553571428571,7.035516192377475,11.14725,4000
m5,CROSTON,7,0.99,2.3263,10,1,222.1915714098253,192.58565408766785,29.60591732215744,0.9580178571428573,0.0419821428571428,6.878059074559566,10.761,4000
m5,DES,7,0.99,2.3263,10,1,326.0136144501991,275.1043329170528,50.90928153314627,0.9251964285714284,0.0748035714285714,9.8251547470376,15.63675,4000
m5,LSTM,7,0.99,2.3263,10,1,199.1223344337957,166.56004761005724,32.56228682373844,0.951625,0.048375,5.948573128930615,15.42475,4000
m5,Moving Average,7,0.99,2.3263,10,1,206.17488054487143,173.39437662318787,32.78050392168358,0.9512589285714286,0.0487410714285714,6.192656307970996,10.61475,4000
m5,Naive,7,0.99,2.3263,10,1,255.98753509325488,190.34252881075315,65.64500628250174,0.9033392857142858,0.0966607142857143,6.797947457526898,9.85275,4000
m5,SBA,7,0.99,2.3263,10,1,211.66253261467625,163.10748338386531,48.5550492308109,0.9349107142857144,0.0650892857142857,5.825267263709476,10.695,4000
m5,SES,7,0.99,2.3263,10,1,206.22680357605756,175.83506670460773,30.39173687144984,0.9555178571428572,0.0444821428571428,6.279823810878846,10.7245,4000
m5,Seasonal Naive,7,0.99,2.3263,10,1,254.83521181853047,222.35631738735188,32.47889443117865,0.9554732142857142,0.0445267857142857,7.941297049548281,10.3685,4000
m5,TES,7,0.99,2.3263,10,1,415.8572860376167,349.24050684941386,66.61677918820288,0.90925,0.09075,12.472875244621925,15.1225,4000
m5,TSB,7,0.99,2.3263,10,1,212.24962585467293,180.8720659014936,31.37755995317928,0.9524642857142857,0.0475357142857142,6.459716639339058,10.61575,4000
store_item_demand,ARIMA,7,0.99,2.3263,10,1,3169.324644901083,1161.6451717925863,2007.6794731084965,0.6165892857142856,0.3834107142857142,41.48732756402093,23.05575,4000
store_item_demand,DES,7,0.99,2.3263,10,1,3392.941714652051,2380.286310405918,1012.655404246133,0.7934910714285713,0.2065089285714285,85.01022537163992,22.84575,4000
store_item_demand,LSTM,7,0.99,2.3263,10,1,2987.234247583191,1191.030793634038,1796.2034539491528,0.586,0.414,42.536814058358495,23.4515,4000
store_item_demand,Moving Average,7,0.99,2.3263,10,1,2562.45458410061,1389.3517183193485,1173.1028657812617,0.7139732142857143,0.2860267857142857,49.61970422569103,23.65475,4000
store_item_demand,Naive,7,0.99,2.3263,10,1,4175.474559290867,860.9781292995067,3314.4964299913595,0.5203035714285714,0.4796964285714286,30.749218903553807,21.12575,4000
store_item_demand,SARIMA,7,0.99,2.3263,10,1,2977.893769380701,1372.1672268820153,1605.726542498686,0.6483125,0.3516875,49.00597238864341,23.03875,4000
store_item_demand,SES,7,0.99,2.3263,10,1,2672.817466692211,1239.4200316460865,1433.3974350461249,0.6608839285714286,0.3391160714285714,44.26500113021738,23.83075,4000
store_item_demand,Seasonal Naive,7,0.99,2.3263,10,1,2667.3078043141995,1390.1805511142163,1277.1272531999834,0.7048035714285715,0.2951964285714285,49.6493053969363,23.541,4000
store_item_demand,TES,7,0.99,2.3263,10,1,4295.725941950117,2713.564068636561,1582.1618733135572,0.7320803571428571,0.2679196428571428,96.91300245130574,22.32125,4000
m5,ARIMA,14,0.9,1.2816,3,1,308.9854864691015,284.6957179672901,24.289768501811416,0.8780446428571429,0.1219553571428571,10.167704213117505,7.78525,4000
m5,CROSTON,14,0.9,1.2816,3,1,277.49830959453413,264.0963005532077,13.402009041326368,0.9393303571428572,0.0606696428571428,9.432010734043136,8.211,4000
m5,DES,14,0.9,1.2816,3,1,426.93830853851847,401.7144609579494,25.223847580569103,0.8826964285714286,0.1173035714285714,14.34694503421248,10.6405,4000
m5,LSTM,14,0.9,1.2816,3,1,229.28324041586995,214.21684619584903,15.066394220020884,0.9316785714285714,0.0683214285714285,7.650601649851751,11.74925,4000
m5,Moving Average,14,0.9,1.2816,3,1,243.56623745131208,228.09506085092707,15.471176600384998,0.9262053571428572,0.0737946428571428,8.146252173247396,7.9095,4000
m5,Naive,14,0.9,1.2816,3,1,310.79600644951915,277.7693551974018,33.02665125211734,0.8406696428571429,0.1593303571428571,9.920334114192922,6.472,4000
m5,SBA,14,0.9,1.2816,3,1,235.0860869608157,212.3315302287996,22.75455673201609,0.9023214285714286,0.0976785714285714,7.583268936742842,8.163,4000
m5,SES,14,0.9,1.2816,3,1,245.86865343729056,231.69604012286504,14.17261331442556,0.933625,0.066375,8.274858575816609,8.10675,4000
m5,Seasonal Naive,14,0.9,1.2816,3,1,277.5965061062648,261.1151640193046,16.481342086960204,0.9260803571428572,0.0739196428571428,9.32554157211802,7.46825,4000
m5,TES,14,0.9,1.2816,3,1,544.6954118154175,512.2696219154427,32.42578989997481,0.8578571428571429,0.1421428571428571,18.29534363983724,10.1375,4000
m5,TSB,14,0.9,1.2816,3,1,258.48940776384654,243.38354353454608,15.105864229300453,0.9262678571428572,0.0737321428571428,8.692269411948075,7.90225,4000
store_item_demand,ARIMA,14,0.9,1.2816,3,1,4795.719197086716,4165.862303638302,629.8568934484144,0.6979910714285714,0.3020089285714286,148.7807965585108,20.6705,4000
store_item_demand,DES,14,0.9,1.2816,3,1,6982.171278774621,6656.0130752732175,326.1582035014037,0.8274196428571429,0.1725803571428571,237.7147526883292,17.3175,4000
store_item_demand,LSTM,14,0.9,1.2816,3,1,5003.383268576485,4581.7878969942185,421.595371582266,0.7215982142857142,0.2784017857142857,163.63528203550774,18.28525,4000
store_item_demand,Moving Average,14,0.9,1.2816,3,1,5229.193446935229,4883.791873750824,345.40157318440595,0.7721339285714287,0.2278660714285714,174.42113834824372,18.45625,4000
store_item_demand,Naive,14,0.9,1.2816,3,1,4267.437902366342,3148.415494833685,1119.0224075326569,0.6109732142857143,0.3890267857142856,112.44341052977444,20.8375,4000
store_item_demand,SARIMA,14,0.9,1.2816,3,1,5414.3661539001705,5012.479951501293,401.8862023988776,0.7604732142857142,0.2395267857142857,179.01714112504618,18.3015,4000
store_item_demand,SES,14,0.9,1.2816,3,1,4943.776931878789,4528.151960838167,415.6249710406221,0.7357053571428571,0.2642946428571428,161.71971288707735,19.34325,4000
store_item_demand,Seasonal Naive,14,0.9,1.2816,3,1,5243.401042818675,4889.444578847744,353.95646397093026,0.7729553571428571,0.2270446428571428,174.62302067313374,18.1815,4000
store_item_demand,TES,14,0.9,1.2816,3,1,7677.134770702362,7186.229166101247,490.905604601116,0.7816696428571429,0.2183303571428571,256.6510416464731,16.76075,4000
m5,ARIMA,14,0.9,1.2816,5,1,325.1786654703091,284.6957179672901,40.48294750301903,0.8780446428571429,0.1219553571428571,10.167704213117505,7.78525,4000
m5,CROSTON,14,0.9,1.2816,5,1,286.4329822887517,264.0963005532077,22.336681735543948,0.9393303571428572,0.0606696428571428,9.432010734043136,8.211,4000
m5,DES,14,0.9,1.2816,5,1,443.75420692556463,401.7144609579494,42.03974596761516,0.8826964285714286,0.1173035714285714,14.34694503421248,10.6405,4000
m5,LSTM,14,0.9,1.2816,5,1,239.3275032292172,214.21684619584903,25.110657033368145,0.9316785714285714,0.0683214285714285,7.650601649851751,11.74925,4000
m5,Moving Average,14,0.9,1.2816,5,1,253.8803551849021,228.09506085092707,25.785294333975,0.9262053571428572,0.0737946428571428,8.146252173247396,7.9095,4000
m5,Naive,14,0.9,1.2816,5,1,332.81377395093074,277.7693551974018,55.04441875352891,0.8406696428571429,0.1593303571428571,9.920334114192922,6.472,4000
m5,SBA,14,0.9,1.2816,5,1,250.2557914488264,212.3315302287996,37.92426122002682,0.9023214285714286,0.0976785714285714,7.583268936742842,8.163,4000
m5,SES,14,0.9,1.2816,5,1,255.3170623135743,231.69604012286504,23.621022190709272,0.933625,0.066375,8.274858575816609,8.10675,4000
m5,Seasonal Naive,14,0.9,1.2816,5,1,288.58406749757154,261.1151640193046,27.46890347826701,0.9260803571428572,0.0739196428571428,9.32554157211802,7.46825,4000
m5,TES,14,0.9,1.2816,5,1,566.3126050820674,512.2696219154427,54.04298316662467,0.8578571428571429,0.1421428571428571,18.29534363983724,10.1375,4000
m5,TSB,14,0.9,1.2816,5,1,268.5599839167135,243.38354353454608,25.17644038216742,0.9262678571428572,0.0737321428571428,8.692269411948075,7.90225,4000
store_item_demand,ARIMA,14,0.9,1.2816,5,1,5215.623792718992,4165.862303638302,1049.7614890806906,0.6979910714285714,0.3020089285714286,148.7807965585108,20.6705,4000
store_item_demand,DES,14,0.9,1.2816,5,1,7199.610081108891,6656.0130752732175,543.5970058356728,0.8274196428571429,0.1725803571428571,237.7147526883292,17.3175,4000
store_item_demand,LSTM,14,0.9,1.2816,5,1,5284.446849631328,4581.7878969942185,702.6589526371099,0.7215982142857142,0.2784017857142857,163.63528203550774,18.28525,4000
store_item_demand,Moving Average,14,0.9,1.2816,5,1,5459.461162391501,4883.791873750824,575.6692886406765,0.7721339285714287,0.2278660714285714,174.42113834824372,18.45625,4000
store_item_demand,Naive,14,0.9,1.2816,5,1,5013.452840721447,3148.415494833685,1865.0373458877616,0.6109732142857143,0.3890267857142856,112.44341052977444,20.8375,4000
store_item_demand,SARIMA,14,0.9,1.2816,5,1,5682.290288832755,5012.479951501293,669.8103373314627,0.7604732142857142,0.2395267857142857,179.01714112504618,18.3015,4000
store_item_demand,SES,14,0.9,1.2816,5,1,5220.860245905869,4528.151960838167,692.7082850677036,0.7357053571428571,0.2642946428571428,161.71971288707735,19.34325,4000
store_item_demand,Seasonal Naive,14,0.9,1.2816,5,1,5479.372018799295,4889.444578847744,589.9274399515505,0.7729553571428571,0.2270446428571428,174.62302067313374,18.1815,4000
store_item_demand,TES,14,0.9,1.2816,5,1,8004.405173769774,7186.229166101247,818.1760076685266,0.7816696428571429,0.2183303571428571,256.6510416464731,16.76075,4000
m5,ARIMA,14,0.9,1.2816,10,1,365.6616129733281,284.6957179672901,80.96589500603805,0.8780446428571429,0.1219553571428571,10.167704213117505,7.78525,4000
m5,CROSTON,14,0.9,1.2816,10,1,308.76966402429565,264.0963005532077,44.673363471087896,0.9393303571428572,0.0606696428571428,9.432010734043136,8.211,4000
m5,DES,14,0.9,1.2816,10,1,485.7939528931798,401.7144609579494,84.07949193523032,0.8826964285714286,0.1173035714285714,14.34694503421248,10.6405,4000
m5,LSTM,14,0.9,1.2816,10,1,264.4381602625853,214.21684619584903,50.22131406673629,0.9316785714285714,0.0683214285714285,7.650601649851751,11.74925,4000
m5,Moving Average,14,0.9,1.2816,10,1,279.6656495188771,228.09506085092707,51.57058866795,0.9262053571428572,0.0737946428571428,8.146252173247396,7.9095,4000
m5,Naive,14,0.9,1.2816,10,1,387.85819270445967,277.7693551974018,110.08883750705782,0.8406696428571429,0.1593303571428571,9.920334114192922,6.472,4000
m5,SBA,14,0.9,1.2816,10,1,288.1800526688532,212.3315302287996,75.84852244005364,0.9023214285714286,0.0976785714285714,7.583268936742842,8.163,4000
m5,SES,14,0.9,1.2816,10,1,278.93808450428355,231.69604012286504,47.24204438141855,0.933625,0.066375,8.274858575816609,8.10675,4000
m5,Seasonal Naive,14,0.9,1.2816,10,1,316.05297097583855,261.1151640193046,54.93780695653401,0.9260803571428572,0.0739196428571428,9.32554157211802,7.46825,4000
m5,TES,14,0.9,1.2816,10,1,620.355588248692,512.2696219154427,108.08596633324936,0.8578571428571429,0.1421428571428571,18.29534363983724,10.1375,4000
m5,TSB,14,0.9,1.2816,10,1,293.73642429888093,243.38354353454608,50.35288076433484,0.9262678571428572,0.0737321428571428,8.692269411948075,7.90225,4000
store_item_demand,ARIMA,14,0.9,1.2816,10,1,6265.385281799683,4165.862303638302,2099.522978161381,0.6979910714285714,0.3020089285714286,148.7807965585108,20.6705,4000
store_item_demand,DES,14,0.9,1.2816,10,1,7743.207086944563,6656.0130752732175,1087.1940116713456,0.8274196428571429,0.1725803571428571,237.7147526883292,17.3175,4000
store_item_demand,LSTM,14,0.9,1.2816,10,1,5987.105802268438,4581.7878969942185,1405.3179052742198,0.7215982142857142,0.2784017857142857,163.63528203550774,18.28525,4000
store_item_demand,Moving Average,14,0.9,1.2816,10,1,6035.130451032177,4883.791873750824,1151.338577281353,0.7721339285714287,0.2278660714285714,174.42113834824372,18.45625,4000
store_item_demand,Naive,14,0.9,1.2816,10,1,6878.490186609208,3148.415494833685,3730.074691775523,0.6109732142857143,0.3890267857142856,112.44341052977444,20.8375,4000
store_item_demand,SARIMA,14,0.9,1.2816,10,1,6352.100626164219,5012.479951501293,1339.6206746629257,0.7604732142857142,0.2395267857142857,179.01714112504618,18.3015,4000
store_item_demand,SES,14,0.9,1.2816,10,1,5913.568530973575,4528.151960838167,1385.4165701354073,0.7357053571428571,0.2642946428571428,161.71971288707735,19.34325,4000
store_item_demand,Seasonal Naive,14,0.9,1.2816,10,1,6069.299458750846,4889.444578847744,1179.854879903101,0.7729553571428571,0.2270446428571428,174.62302067313374,18.1815,4000
store_item_demand,TES,14,0.9,1.2816,10,1,8822.5811814383,7186.229166101247,1636.3520153370532,0.7816696428571429,0.2183303571428571,256.6510416464731,16.76075,4000
m5,ARIMA,14,0.95,1.6449,3,1,324.7390045050513,302.5299898952844,22.20901460976702,0.8898928571428572,0.1101071428571428,10.804642496260156,8.027,4000
m5,CROSTON,14,0.95,1.6449,3,1,296.1302820473322,284.03464083953577,12.095641207796405,0.9465892857142858,0.0534107142857142,10.144094315697703,8.321,4000
m5,DES,14,0.95,1.6449,3,1,445.1869050488116,421.9731869218728,23.21371812693877,0.8931875,0.1068124999999999,15.070470961495456,10.89075,4000
m5,LSTM,14,0.95,1.6449,3,1,247.0327473058425,233.51506641041672,13.51768089542572,0.9407232142857144,0.0592767857142857,8.339823800372026,11.9185,4000
m5,Moving Average,14,0.95,1.6449,3,1,261.4517545524305,247.4695002328444,13.98225431958612,0.9344285714285714,0.0655714285714285,8.838196436887298,8.056,4000
m5,Naive,14,0.95,1.6449,3,1,324.7815202679709,294.2485106455232,30.533009622447764,0.8542946428571428,0.1457053571428571,10.508875380197257,6.77075,4000
m5,SBA,14,0.95,1.6449,3,1,252.01783365129285,231.1964872005554,20.8213464507374,0.9127678571428572,0.0872321428571428,8.257017400019837,8.319,4000
m5,SES,14,0.95,1.6449,3,1,264.04386609304163,251.26170363635808,12.782162456683553,0.9414553571428572,0.0585446428571428,8.973632272727075,8.23575,4000
m5,Seasonal Naive,14,0.95,1.6449,3,1,302.7056405887938,287.6630828024636,15.042557786330194,0.9338928571428572,0.0661071428571428,10.273681528659411,7.60325,4000
m5,TES,14,0.95,1.6449,3,1,565.3075095206807,535.1315273353392,30.175982185341383,0.8694375,0.1305625,19.1118402619764,10.3945,4000
m5,TSB,14,0.95,1.6449,3,1,276.3172228876479,262.70423281474206,13.61299007290585,0.9345,0.0655,9.38229402909793,8.05025,4000
store_item_demand,ARIMA,14,0.95,1.6449,3,1,4802.413686120035,4213.713691899913,588.6999942201218,0.7370625,0.2629375,150.48977471071117,21.53325,4000
store_item_demand,DES,14,0.95,1.6449,3,1,7089.136665837116,6786.678633988511,302.4580318486065,0.8489553571428571,0.1510446428571428,242.38137978530395,17.884,4000
store_item_demand,LSTM,14,0.95,1.6449,3,1,4987.600094517152,4596.979683344303,390.6204111728484,0.7402053571428572,0.2597946428571429,164.17784583372512,19.3985,4000
store_item_demand,Moving Average,14,0.95,1.6449,3,1,5249.72127990542,4943.898402993623,305.822876911796,0.8101160714285713,0.1898839285714285,176.56780010691512,19.52425,4000
store_item_demand,Naive,14,0.95,1.6449,3,1,4266.631943000576,3189.995422912782,1076.636520087795,0.649875,0.3501249999999999,113.92840796117078,21.27425,4000
store_item_demand,SARIMA,14,0.95,1.6449,3,1,5422.6609807593895,5048.50972364069,374.1512571186995,0.7784107142857143,0.2215892857142857,180.3039187014532,19.086,4000
store_item_demand,SES,14,0.95,1.6449,3,1,4945.711476159923,4572.205943578059,373.5055325818638,0.7760714285714285,0.2239285714285714,163.2930694135021,20.56375,4000
store_item_demand,Seasonal Naive,14,0.95,1.6449,3,1,5266.000749673628,4948.6159122294175,317.38483744421006,0.8052410714285715,0.1947589285714285,176.7362825796221,18.97925,4000
store_item_demand,TES,14,0.95,1.6449,3,1,7771.05605804655,7302.982254220505,468.0738038260454,0.7966696428571429,0.2033303571428571,260.82079479358947,17.2775,4000
m5,ARIMA,14,0.95,1.6449,5,1,339.5450142448961,302.5299898952844,37.01502434961171,0.8898928571428572,0.1101071428571428,10.804642496260156,8.027,4000
m5,CROSTON,14,0.95,1.6449,5,1,304.1940428525297,284.03464083953577,20.15940201299401,0.9465892857142858,0.0534107142857142,10.144094315697703,8.321,4000
m5,DES,14,0.95,1.6449,5,1,460.6627171334374,421.9731869218728,38.689530211564616,0.8931875,0.1068124999999999,15.070470961495456,10.89075,4000
m5,LSTM,14,0.95,1.6449,5,1,256.04453456945964,233.51506641041672,22.529468159042867,0.9407232142857144,0.0592767857142857,8.339823800372026,11.9185,4000
m5,Moving Average,14,0.95,1.6449,5,1,270.7732574321546,247.4695002328444,23.3037571993102,0.9344285714285714,0.0655714285714285,8.838196436887298,8.056,4000
m5,Naive,14,0.95,1.6449,5,1,345.1368600162695,294.2485106455232,50.88834937074627,0.8542946428571428,0.1457053571428571,10.508875380197257,6.77075,4000
m5,SBA,14,0.95,1.6449,5,1,265.8987312851178,231.1964872005554,34.70224408456234,0.9127678571428572,0.0872321428571428,8.257017400019837,8.319,4000
m5,SES,14,0.95,1.6449,5,1,272.5653077308307,251.26170363635808,21.303604094472583,0.9414553571428572,0.0585446428571428,8.973632272727075,8.23575,4000
m5,Seasonal Naive,14,0.95,1.6449,5,1,312.7340124463472,287.6630828024636,25.07092964388366,0.9338928571428572,0.0661071428571428,10.273681528659411,7.60325,4000
m5,TES,14,0.95,1.6449,5,1,585.424830977575,535.1315273353392,50.29330364223563,0.8694375,0.1305625,19.1118402619764,10.3945,4000
m5,TSB,14,0.95,1.6449,5,1,285.39254960291845,262.70423281474206,22.68831678817641,0.9345,0.0655,9.38229402909793,8.05025,4000
store_item_demand,ARIMA,14,0.95,1.6449,5,1,5194.880348933449,4213.713691899913,981.1666570335364,0.7370625,0.2629375,150.48977471071117,21.53325,4000
store_item_demand,DES,14,0.95,1.6449,5,1,7290.775353736189,6786.678633988511,504.0967197476774,0.8489553571428571,0.1510446428571428,242.38137978530395,17.884,4000
store_item_demand,LSTM,14,0.95,1.6449,5,1,5248.013701965718,4596.979683344303,651.0340186214141,0.7402053571428572,0.2597946428571429,164.17784583372512,19.3985,4000
store_item_demand,Moving Average,14,0.95,1.6449,5,1,5453.603197846616,4943.898402993623,509.7047948529933,0.8101160714285713,0.1898839285714285,176.56780010691512,19.52425,4000
store_item_demand,Naive,14,0.95,1.6449,5,1,4984.389623059107,3189.995422912782,1794.3942001463247,0.649875,0.3501249999999999,113.92840796117078,21.27425,4000
store_item_demand,SARIMA,14,0.95,1.6449,5,1,5672.095152171856,5048.50972364069,623.5854285311659,0.7784107142857143,0.2215892857142857,180.3039187014532,19.086,4000
store_item_demand,SES,14,0.95,1.6449,5,1,5194.7151645478325,4572.205943578059,622.5092209697731,0.7760714285714285,0.2239285714285714,163.2930694135021,20.56375,4000
store_item_demand,Seasonal Naive,14,0.95,1.6449,5,1,5477.590641303102,4948.6159122294175,528.9747290736835,0.8052410714285715,0.1947589285714285,176.7362825796221,18.97925,4000
store_item_demand,TES,14,0.95,1.6449,5,1,8083.105260597245,7302.982254220505,780.1230063767423,0.7966696428571429,0.2033303571428571,260.82079479358947,17.2775,4000
m5,ARIMA,14,0.95,1.6449,10,1,376.5600385945077,302.5299898952844,74.03004869922341,0.8898928571428572,0.1101071428571428,10.804642496260156,8.027,4000
m5,CROSTON,14,0.95,1.6449,10,1,324.3534448655237,284.03464083953577,40.31880402598802,0.9465892857142858,0.0534107142857142,10.144094315697703,8.321,4000
m5,DES,14,0.95,1.6449,10,1,499.35224734500207,421.9731869218728,77.37906042312923,0.8931875,0.1068124999999999,15.070470961495456,10.89075,4000
m5,LSTM,14,0.95,1.6449,10,1,278.5740027285025,233.51506641041672,45.058936318085735,0.9407232142857144,0.0592767857142857,8.339823800372026,11.9185,4000
m5,Moving Average,14,0.95,1.6449,10,1,294.07701463146475,247.4695002328444,46.6075143986204,0.9344285714285714,0.0655714285714285,8.838196436887298,8.056,4000
m5,Naive,14,0.95,1.6449,10,1,396.0252093870157,294.2485106455232,101.77669874149254,0.8542946428571428,0.1457053571428571,10.508875380197257,6.77075,4000
m5,SBA,14,0.95,1.6449,10,1,300.6009753696801,231.1964872005554,69.40448816912468,0.9127678571428572,0.0872321428571428,8.257017400019837,8.319,4000
m5,SES,14,0.95,1.6449,10,1,293.86891182530326,251.26170363635808,42.60720818894517,0.9414553571428572,0.0585446428571428,8.973632272727075,8.23575,4000
m5,Seasonal Naive,14,0.95,1.6449,10,1,337.8049420902309,287.6630828024636,50.14185928776732,0.9338928571428572,0.0661071428571428,10.273681528659411,7.60325,4000
m5,TES,14,0.95,1.6449,10,1,635.7181346198104,535.1315273353392,100.58660728447126,0.8694375,0.1305625,19.1118402619764,10.3945,4000
m5,TSB,14,0.95,1.6449,10,1,308.08086639109484,262.70423281474206,45.37663357635282,0.9345,0.0655,9.38229402909793,8.05025,4000
store_item_demand,ARIMA,14,0.95,1.6449,10,1,6176.047005966986,4213.713691899913,1962.3333140670727,0.7370625,0.2629375,150.48977471071117,21.53325,4000
store_item_demand,DES,14,0.95,1.6449,10,1,7794.872073483865,6786.678633988511,1008.1934394953548,0.8489553571428571,0.1510446428571428,242.38137978530395,17.884,4000
store_item_demand,LSTM,14,0.95,1.6449,10,1,5899.047720587131,4596.979683344303,1302.0680372428285,0.7402053571428572,0.2597946428571429,164.17784583372512,19.3985,4000
store_item_demand,Moving Average,14,0.95,1.6449,10,1,5963.30799269961,4943.898402993623,1019.4095897059864,0.8101160714285713,0.1898839285714285,176.56780010691512,19.52425,4000
store_item_demand,Naive,14,0.95,1.6449,10,1,6778.783823205431,3189.995422912782,3588.7884002926494,0.649875,0.3501249999999999,113.92840796117078,21.27425,4000
store_item_demand,SARIMA,14,0.95,1.6449,10,1,6295.680580703022,5048.50972364069,1247.1708570623318,0.7784107142857143,0.2215892857142857,180.3039187014532,19.086,4000
store_item_demand,SES,14,0.95,1.6449,10,1,5817.224385517605,4572.205943578059,1245.0184419395462,0.7760714285714285,0.2239285714285714,163.2930694135021,20.56375,4000
store_item_demand,Seasonal Naive,14,0.95,1.6449,10,1,6006.565370376784,4948.6159122294175,1057.949458147367,0.8052410714285715,0.1947589285714285,176.7362825796221,18.97925,4000
store_item_demand,TES,14,0.95,1.6449,10,1,8863.228266973989,7302.982254220505,1560.2460127534846,0.7966696428571429,0.2033303571428571,260.82079479358947,17.2775,4000
m5,ARIMA,14,0.99,2.3263,3,1,358.4474336466285,339.28320684583406,19.164226800794538,0.9076160714285716,0.0923839285714285,12.117257387351216,8.32375,4000
m5,CROSTON,14,0.99,2.3263,3,1,334.60224113608547,323.9880675766624,10.61417355942304,0.9538125,0.0461875,11.57100241345223,8.4325,4000
m5,DES,14,0.99,2.3263,3,1,482.8135467020376,462.7621514974455,20.05139520459216,0.9097857142857144,0.0902142857142857,16.52721969633734,11.214,4000
m5,LSTM,14,0.99,2.3263,3,1,284.24523080350247,272.56372148463305,11.681509318869413,0.9500267857142858,0.0499732142857142,9.73441862445118,12.11075,4000
m5,Moving Average,14,0.99,2.3263,3,1,298.75617628908435,286.578925392923,12.177250896161324,0.9439196428571428,0.0560803571428571,10.234961621175822,8.202,4000
m5,Naive,14,0.99,2.3263,3,1,355.4067669163486,328.79760901866115,26.60915789768745,0.8758571428571429,0.1241428571428571,11.74277175066647,7.167,4000
m5,SBA,14,0.99,2.3263,3,1,287.95752393993047,269.6842457666637,18.27327817326679,0.9248482142857142,0.0751517857142857,9.631580205952275,8.4965,4000
m5,SES,14,0.99,2.3263,3,1,301.7753585599684,290.6373845522218,11.137974007746614,0.9498660714285714,0.0501339285714285,10.379906591150778,8.366,4000
m5,Seasonal Naive,14,0.99,2.3263,3,1,353.20926788923487,339.9547577119455,13.254510177289363,0.9432946428571428,0.0567053571428571,12.141241346855196,7.709,4000
m5,TES,14,0.99,2.3263,3,1,607.4292189254242,580.8756633107253,26.553555614698983,0.8878928571428572,0.1121071428571428,20.745559403954477,10.7625,4000
m5,TSB,14,0.99,2.3263,3,1,313.46761431750593,301.704695245669,11.76291907183688,0.9447053571428572,0.0552946428571428,10.775167687345322,8.2135,4000
store_item_demand,ARIMA,14,0.99,2.3263,3,1,4909.75799511121,4393.612851178823,516.1451439323862,0.8031875,0.1968125,156.91474468495798,22.263,4000
store_item_demand,DES,14,0.99,2.3263,3,1,7342.563058661112,7078.739537213464,263.82352144764843,0.8814375,0.1185625,252.8121263290523,18.34675,4000
store_item_demand,LSTM,14,0.99,2.3263,3,1,5001.172700427154,4665.911683656548,335.2610167706069,0.7909017857142858,0.2090982142857143,166.63970298773387,21.07125,4000
store_item_demand,Moving Average,14,0.99,2.3263,3,1,5388.182927456107,5147.364898249369,240.818029206738,0.8715089285714286,0.1284910714285714,183.8344606517632,20.56925,4000
store_item_demand,Naive,14,0.99,2.3263,3,1,4354.481479357566,3355.935910091465,998.5455692661012,0.7139464285714286,0.2860535714285714,119.85485393183804,21.68475,4000
store_item_demand,SARIMA,14,0.99,2.3263,3,1,5478.564554810643,5153.024666837253,325.5398879733914,0.8220178571428571,0.1779821428571428,184.0365952441876,20.2245,4000
store_item_demand,SES,14,0.99,2.3263,3,1,5053.0925439297225,4752.049937242152,301.0426066875706,0.8442053571428572,0.1557946428571428,169.7160691872197,21.64125,4000
store_item_demand,Seasonal Naive,14,0.99,2.3263,3,1,5389.677516765958,5132.639782128023,257.0377346379344,0.8617589285714286,0.1382410714285714,183.3085636474294,20.065,4000
store_item_demand,TES,14,0.99,2.3263,3,1,7977.962367491018,7550.17710782732,427.78525966369847,0.8253482142857143,0.1746517857142857,269.6491824224043,17.87925,4000
m5,ARIMA,14,0.99,2.3263,5,1,371.2235848471583,339.28320684583406,31.94037800132423,0.9076160714285716,0.0923839285714285,12.117257387351216,8.32375,4000
m5,CROSTON,14,0.99,2.3263,5,1,341.6783568423675,323.9880675766624,17.690289265705065,0.9538125,0.0461875,11.57100241345223,8.4325,4000
m5,DES,14,0.99,2.3263,5,1,496.181143505099,462.7621514974455,33.4189920076536,0.9097857142857144,0.0902142857142857,16.52721969633734,11.214,4000
m5,LSTM,14,0.99,2.3263,5,1,292.0329036827487,272.56372148463305,19.46918219811569,0.9500267857142858,0.0499732142857142,9.73441862445118,12.11075,4000
m5,Moving Average,14,0.99,2.3263,5,1,306.87434355319186,286.578925392923,20.29541816026888,0.9439196428571428,0.0560803571428571,10.234961621175822,8.202,4000
m5,Naive,14,0.99,2.3263,5,1,373.1462055148069,328.79760901866115,44.34859649614574,0.8758571428571429,0.1241428571428571,11.74277175066647,7.167,4000
m5,SBA,14,0.99,2.3263,5,1,300.139709388775,269.6842457666637,30.455463622111317,0.9248482142857142,0.0751517857142857,9.631580205952275,8.4965,4000
m5,SES,14,0.99,2.3263,5,1,309.20067456513283,290.6373845522218,18.563290012911025,0.9498660714285714,0.0501339285714285,10.379906591150778,8.366,4000
m5,Seasonal Naive,14,0.99,2.3263,5,1,362.04560800742775,339.9547577119455,22.09085029548228,0.9432946428571428,0.0567053571428571,12.141241346855196,7.709,4000
m5,TES,14,0.99,2.3263,5,1,625.1315893352236,580.8756633107253,44.25592602449831,0.8878928571428572,0.1121071428571428,20.745559403954477,10.7625,4000
m5,TSB,14,0.99,2.3263,5,1,321.30956036539715,301.704695245669,19.60486511972813,0.9447053571428572,0.0552946428571428,10.775167687345322,8.2135,4000
store_item_demand,ARIMA,14,0.99,2.3263,5,1,5253.854757732801,4393.612851178823,860.2419065539771,0.8031875,0.1968125,156.91474468495798,22.263,4000
store_item_demand,DES,14,0.99,2.3263,5,1,7518.445406292878,7078.739537213464,439.7058690794141,0.8814375,0.1185625,252.8121263290523,18.34675,4000
store_item_demand,LSTM,14,0.99,2.3263,5,1,5224.680044940894,4665.911683656548,558.7683612843448,0.7909017857142858,0.2090982142857143,166.63970298773387,21.07125,4000
store_item_demand,Moving Average,14,0.99,2.3263,5,1,5548.7282802606,5147.364898249369,401.36338201123,0.8715089285714286,0.1284910714285714,183.8344606517632,20.56925,4000
store_item_demand,Naive,14,0.99,2.3263,5,1,5020.178525534967,3355.935910091465,1664.2426154435016,0.7139464285714286,0.2860535714285714,119.85485393183804,21.68475,4000
store_item_demand,SARIMA,14,0.99,2.3263,5,1,5695.5911467929045,5153.024666837253,542.5664799556524,0.8220178571428571,0.1779821428571428,184.0365952441876,20.2245,4000
store_item_demand,SES,14,0.99,2.3263,5,1,5253.787615054769,4752.049937242152,501.7376778126176,0.8442053571428572,0.1557946428571428,169.7160691872197,21.64125,4000
store_item_demand,Seasonal Naive,14,0.99,2.3263,5,1,5561.03600652458,5132.639782128023,428.3962243965572,0.8617589285714286,0.1382410714285714,183.3085636474294,20.065,4000
store_item_demand,TES,14,0.99,2.3263,5,1,8263.152540600151,7550.17710782732,712.9754327728307,0.8253482142857143,0.1746517857142857,269.6491824224043,17.87925,4000
m5,ARIMA,14,0.99,2.3263,10,1,403.16396284848247,339.28320684583406,63.88075600264846,0.9076160714285716,0.0923839285714285,12.117257387351216,8.32375,4000
m5,CROSTON,14,0.99,2.3263,10,1,359.36864610807254,323.9880675766624,35.38057853141013,0.9538125,0.0461875,11.57100241345223,8.4325,4000
m5,DES,14,0.99,2.3263,10,1,529.6001355127527,462.7621514974455,66.8379840153072,0.9097857142857144,0.0902142857142857,16.52721969633734,11.214,4000
m5,LSTM,14,0.99,2.3263,10,1,311.5020858808644,272.56372148463305,38.93836439623138,0.9500267857142858,0.0499732142857142,9.73441862445118,12.11075,4000
m5,Moving Average,14,0.99,2.3263,10,1,327.1697617134608,286.578925392923,40.59083632053776,0.9439196428571428,0.0560803571428571,10.234961621175822,8.202,4000
m5,Naive,14,0.99,2.3263,10,1,417.49480201095264,328.79760901866115,88.69719299229148,0.8758571428571429,0.1241428571428571,11.74277175066647,7.167,4000
m5,SBA,14,0.99,2.3263,10,1,330.5951730108863,269.6842457666637,60.91092724422263,0.9248482142857142,0.0751517857142857,9.631580205952275,8.4965,4000
m5,SES,14,0.99,2.3263,10,1,327.76396457804384,290.6373845522218,37.12658002582205,0.9498660714285714,0.0501339285714285,10.379906591150778,8.366,4000
m5,Seasonal Naive,14,0.99,2.3263,10,1,384.13645830291006,339.9547577119455,44.18170059096455,0.9432946428571428,0.0567053571428571,12.141241346855196,7.709,4000
m5,TES,14,0.99,2.3263,10,1,669.3875153597219,580.8756633107253,88.51185204899662,0.8878928571428572,0.1121071428571428,20.745559403954477,10.7625,4000
m5,TSB,14,0.99,2.3263,10,1,340.91442548512526,301.704695245669,39.20973023945627,0.9447053571428572,0.0552946428571428,10.775167687345322,8.2135,4000
store_item_demand,ARIMA,14,0.99,2.3263,10,1,6114.096664286777,4393.612851178823,1720.483813107954,0.8031875,0.1968125,156.91474468495798,22.263,4000
store_item_demand,DES,14,0.99,2.3263,10,1,7958.151275372293,7078.739537213464,879.4117381588281,0.8814375,0.1185625,252.8121263290523,18.34675,4000
store_item_demand,LSTM,14,0.99,2.3263,10,1,5783.448406225238,4665.911683656548,1117.5367225686896,0.7909017857142858,0.2090982142857143,166.63970298773387,21.07125,4000
store_item_demand,Moving Average,14,0.99,2.3263,10,1,5950.09166227183,5147.364898249369,802.72676402246,0.8715089285714286,0.1284910714285714,183.8344606517632,20.56925,4000
store_item_demand,Naive,14,0.99,2.3263,10,1,6684.421140978468,3355.935910091465,3328.485230887003,0.7139464285714286,0.2860535714285714,119.85485393183804,21.68475,4000
store_item_demand,SARIMA,14,0.99,2.3263,10,1,6238.157626748557,5153.024666837253,1085.1329599113049,0.8220178571428571,0.1779821428571428,184.0365952441876,20.2245,4000
store_item_demand,SES,14,0.99,2.3263,10,1,5755.525292867386,4752.049937242152,1003.4753556252352,0.8442053571428572,0.1557946428571428,169.7160691872197,21.64125,4000
store_item_demand,Seasonal Naive,14,0.99,2.3263,10,1,5989.432230921138,5132.639782128023,856.7924487931144,0.8617589285714286,0.1382410714285714,183.3085636474294,20.065,4000
store_item_demand,TES,14,0.99,2.3263,10,1,8976.12797337298,7550.17710782732,1425.9508655456614,0.8253482142857143,0.1746517857142857,269.6491824224043,17.87925,4000
